NREG,REGCODE,REGNAME,QNFD,SBIO,SCNG,SCNL,SLVG,SLVL,SFDG,SFDL,QD,QSL,QSG,XCON,XFED,XFOD,EFED,EFOD,ELN ,ENLN,ECRP,ESUB,ETRA,EYIC,EYIL,EYIP,EYIN,EYSC,EYSL,EYSP,EYSN,EPIC,EPIL,EPIP,EPIN,EPSC,EPSL,EPSP,EPSN,ECIC,ECIL,ECIP,ECSC,ECSL,ECSP,SDEV,MCAL,MIDX,MGPI,CALC,CALL,CALP,CACC,CACL,CACP,CHA ,CCRP,CNLD,CLVS,CNFD,CLND
New Regions,Region Code,Region Name,Value of non-food consumption,share of crops used in biofuels,Share of crops for direct consumption | global markets,Share of crops for direct consumption | local markets,Share of crops for livestock use| global markets,Share of crops for livestock use | local markets,Share of crops for processed food use| global markets,Share of crops for processed food use| local markets,Regional share of crop imports supplied to world market (sum = 1),Share of crops supplied to local markets ,Share of crops supplied to global markets ,Cropland cost share in crop production,Crop cost share in livestock production,Crop cost share in processed food production,Elasticity of substitution in livestock production,Elasticity of substitution in processed food production,Supply price elasticity of cropland ,Supply price elasticity of nonland inputs,Elasticity of substitution in crop production,Elasticity of substitution between domestic and imported crops,Elasticity of transformation between domestic and imported crops,Income elasticity regression parm | crops | intercept,Income elasticity regression parm | livestock | intercept,Income elasticity regression parm | processed food | intercept,Income elasticity regression parm | nonfood | intercept,Income elasticity regression parm | crops | slope,Income elasticity regression parm | livestock | slope,Income elasticity regression parm | processed food | slope,Income elasticity regression parm | nonfood | slope,Price elasticity regression parm | crops | intercept,Price elasticity regression parm | livestock | intercept,Price elasticity regression parm | processed food | intercept,Price elasticity regression parm | nonfood | intercept,Price elasticity regression parm | crops | slope,Price elasticity regression parm | livestock | slope,Price elasticity regression parm | processed food | slope,Price elasticity regression parm | nonfood | slope,Caloric content regression parm | crops | intercept,Caloric content regression parm | livestock | intercept,Caloric content regression parm | processed food | intercept,Caloric content regression parm | crops | slope,Caloric content regression parm | livestock | slope,Caloric content regression parm | processed food | slope,Standard deviation of capita caloric consumption,Minimum caloric requirements (kcal per day),Malnutrition index (% of total population),Malnutrition gap index (% of minimum caloric requirement),Caloric content of crops (kcal per gram),Caloric content of livestock (kcal per gram),Caloric content of processed food (kcal per gram),Crop Consumption (in MT per day),Livestock Consumption (in MT per day),Processed Food Consumption (in MT per day),Carbon trade off: in MT CO2 eq per 1000 ha. of cropland,"Emissions from Crop Output, MT CO2-eq.","Emissions from Nonland Inputs, MT CO2-eq.","Emissions from Livestock Output, MT CO2-eq.","Emissions from NonFeed Inputs, MT CO2-eq.","Emissions from Cropland Inputs, MT CO2-eq."
C_Asia,AFG,Afghanistan,195335.2031,0.000838,0.26,0.84,0.59,0.12,0.15,0.04,0.000681863,0.9,0.1,0.17,0.08,0.16,1.15999997,0,0.56,1.33899999,3,3,3,0.8815,1.0481,1.1982,1.24297,-0.0994,-0.0891,-0.1031,-0.0532,-0.7371,-0.8257,-1.1716,-1.1413,0.067,0.0508,0.0832,0.039,3.2861,0.0854,4.6185,-0.2101,0.1353,-0.1957,0.21422,1761,14.07,1.37886,3.879,6.153,11.142,41424,3153,2607,36.017937,33459908,116193312,140419,276813440,14709881
E_Euro,ALB,Albania,1455203.75,0.000002,0.34,0.49,0.31,0.26,0.35,0.25,0.000413409,0.8,0.2,0.18,0.07,0.18,1.15999997,0,0.56,1.33899999,3,3,3,0.8815,1.0481,1.1982,1.24297,-0.0994,-0.0891,-0.1031,-0.0532,-0.7371,-0.8257,-1.1716,-1.1413,0.067,0.0508,0.0832,0.039,3.2861,0.0854,4.6185,-0.2101,0.1353,-0.1957,0.17725,1894,0.91,0.0586,3.515,5.377,5.921,129387,24978,39917,122.933975,3477411,18005616,36736,202187456,3863447
M_East,ARE,United Arab Emirates,2064053.75,0.000003,0.45,0.72,0.15,0.15,0.4,0.13,0.000610284,0.92,0.08,0.08,0.08,0.2,1.15999997,0,0.11,1.33899999,3,3,3,0.8815,1.0481,1.1982,1.24297,-0.0994,-0.0891,-0.1031,-0.0532,-0.7371,-0.8257,-1.1716,-1.1413,0.067,0.0508,0.0832,0.039,3.2861,0.0854,4.6185,-0.2101,0.1353,-0.1957,0.27233,1823,5.33,0.6035,3.983,4.844,13.129,151872,15039,16289,104.192741,24941752,79721224,88888,231671488,299854720
S_Amer,ARG,Argentina,1465264.25,0.004474,0.3,0.38,0.18,0.26,0.52,0.36,0.010697148,0.7,0.3,0.19,0.04,0.2,1.15999997,0,0.56,1.33899999,3,3,3,0.8815,1.0481,1.1982,1.24297,-0.0994,-0.0891,-0.1031,-0.0532,-0.7371,-0.8257,-1.1716,-1.1413,0.067,0.0508,0.0832,0.039,3.2861,0.0854,4.6185,-0.2101,0.1353,-0.1957,0.26601,1823,9.54,1.06157,3.845,5.197,7.075,82283,16928,23426,241.723068,4254835,25464924,18616,37996372,3975350
E_Euro,ARM,Armenia,1455203.75,0.000002,0.34,0.49,0.31,0.26,0.35,0.25,0.000449325,0.8,0.2,0.18,0.07,0.18,1.15999997,0,0.56,1.33899999,3,3,3,0.8815,1.0481,1.1982,1.24297,-0.0994,-0.0891,-0.1031,-0.0532,-0.7371,-0.8257,-1.1716,-1.1413,0.067,0.0508,0.0832,0.039,3.2861,0.0854,4.6185,-0.2101,0.1353,-0.1957,0.17725,1894,0.91,0.0586,3.515,5.377,5.921,129387,24978,39917,122.933975,3477411,18005616,36736,202187456,3863447
AUS_NZ,AUS,Australia,1094684.125,0.033264,0.42,0.32,0.15,0.29,0.43,0.39,0.003954685,0.49,0.51,0.12,0.03,0.06,1.15999997,0,0.56,1.33899999,3,3,3,0.8815,1.0481,1.1982,1.24297,-0.0994,-0.0891,-0.1031,-0.0532,-0.7371,-0.8257,-1.1716,-1.1413,0.067,0.0508,0.0832,0.039,3.2861,0.0854,4.6185,-0.2101,0.1353,-0.1957,0.10645,1911,0.01,0.01,3.425,4.953,6.372,9707,3875,5368,155.52597,40321512,257942080,225594,404099296,134637152
EU,AUT,Austria,13325216,0.022732,0.45,0.42,0.17,0.28,0.38,0.3,0.003511663,0.62,0.38,0.08,0.03,0.11,1.15999997,0,0.11,1.33899999,3,3,3,0.8815,1.0481,1.1982,1.24297,-0.0994,-0.0891,-0.1031,-0.0532,-0.7371,-0.8257,-1.1716,-1.1413,0.067,0.0508,0.0832,0.039,3.2861,0.0854,4.6185,-0.2101,0.1353,-0.1957,0.10645,1934,0.15,0.01,3.429,6.009,6.262,172097,45149,68651,229.931442,16247328,34112912,209369,138230752,13836939
E_Euro,AZE,Azerbaijan,1455203.75,0.000002,0.34,0.49,0.31,0.26,0.35,0.25,0.000801844,0.8,0.2,0.18,0.07,0.18,1.15999997,0,0.56,1.33899999,3,3,3,0.8815,1.0481,1.1982,1.24297,-0.0994,-0.0891,-0.1031,-0.0532,-0.7371,-0.8257,-1.1716,-1.1413,0.067,0.0508,0.0832,0.039,3.2861,0.0854,4.6185,-0.2101,0.1353,-0.1957,0.17725,1894,0.91,0.0586,3.515,5.377,5.921,129387,24978,39917,122.933975,3477411,18005616,36736,202187456,3863447
EU,BEL,Belgium,13325216,0.022732,0.45,0.42,0.17,0.28,0.38,0.3,0.005013574,0.62,0.38,0.08,0.03,0.11,1.15999997,0,0.11,1.33899999,3,3,3,0.8815,1.0481,1.1982,1.24297,-0.0994,-0.0891,-0.1031,-0.0532,-0.7371,-0.8257,-1.1716,-1.1413,0.067,0.0508,0.0832,0.039,3.2861,0.0854,4.6185,-0.2101,0.1353,-0.1957,0.10645,1934,0.15,0.01,3.429,6.009,6.262,172097,45149,68651,229.931442,16247328,34112912,209369,138230752,13836939
SSA,BEN,Benin,584719.375,0.000685,0.59,0.92,0.07,0.01,0.34,0.07,0.000368455,0.94,0.06,0.1,0.02,0.19,1.15999997,0,0.56,1.33899999,3,3,3,0.8815,1.0481,1.1982,1.24297,-0.0994,-0.0891,-0.1031,-0.0532,-0.7371,-0.8257,-1.1716,-1.1413,0.067,0.0508,0.0832,0.039,3.2861,0.0854,4.6185,-0.2101,0.1353,-0.1957,0.2764,1709,15.96,2.09783,4.34,5.159,7.576,368938,13278,45449,294.507904,3050183,8775243,138759,90694584,2021048
SSA,BFA,Burkina Faso,584719.375,0.000685,0.59,0.92,0.07,0.01,0.34,0.07,0.000227943,0.94,0.06,0.1,0.02,0.19,1.15999997,0,0.56,1.33899999,3,3,3,0.8815,1.0481,1.1982,1.24297,-0.0994,-0.0891,-0.1031,-0.0532,-0.7371,-0.8257,-1.1716,-1.1413,0.067,0.0508,0.0832,0.039,3.2861,0.0854,4.6185,-0.2101,0.1353,-0.1957,0.2764,1709,15.96,2.09783,4.34,5.159,7.576,368938,13278,45449,294.507904,3050183,8775243,138759,90694584,2021048
S_Asia,BGD,Bangladesh,1310297.25,0.000652,0.61,0.48,0.21,0.15,0.18,0.37,0.002806102,0.96,0.04,0.29,0.11,0.46,1.15999997,0,0.28,1.33899999,3,3,3,0.8815,1.0481,1.1982,1.24297,-0.0994,-0.0891,-0.1031,-0.0532,-0.7371,-0.8257,-1.1716,-1.1413,0.067,0.0508,0.0832,0.039,3.2861,0.0854,4.6185,-0.2101,0.1353,-0.1957,0.22712,1784,13.51,1.41004,4.607,10.873,14.631,677844,17499,55711,312.292389,22720872,114324248,929307,371232480,16758959
EU,BGR,Bulgaria,13325216,0.022732,0.45,0.42,0.17,0.28,0.38,0.3,0.005886274,0.62,0.38,0.08,0.03,0.11,1.15999997,0,0.11,1.33899999,3,3,3,0.8815,1.0481,1.1982,1.24297,-0.0994,-0.0891,-0.1031,-0.0532,-0.7371,-0.8257,-1.1716,-1.1413,0.067,0.0508,0.0832,0.039,3.2861,0.0854,4.6185,-0.2101,0.1353,-0.1957,0.10645,1934,0.15,0.01,3.429,6.009,6.262,172097,45149,68651,229.931442,16247328,34112912,209369,138230752,13836939
M_East,BHR,Bahrain,2064053.75,0.000003,0.45,0.72,0.15,0.15,0.4,0.13,3.00E-05,0.92,0.08,0.08,0.08,0.2,1.15999997,0,0.11,1.33899999,3,3,3,0.8815,1.0481,1.1982,1.24297,-0.0994,-0.0891,-0.1031,-0.0532,-0.7371,-0.8257,-1.1716,-1.1413,0.067,0.0508,0.0832,0.039,3.2861,0.0854,4.6185,-0.2101,0.1353,-0.1957,0.27233,1823,5.33,0.6035,3.983,4.844,13.129,151872,15039,16289,104.192741,24941752,79721224,88888,231671488,299854720
E_Euro,BLR,Belarus,1455203.75,0.000002,0.34,0.49,0.31,0.26,0.35,0.25,0.001476095,0.8,0.2,0.18,0.07,0.18,1.15999997,0,0.56,1.33899999,3,3,3,0.8815,1.0481,1.1982,1.24297,-0.0994,-0.0891,-0.1031,-0.0532,-0.7371,-0.8257,-1.1716,-1.1413,0.067,0.0508,0.0832,0.039,3.2861,0.0854,4.6185,-0.2101,0.1353,-0.1957,0.17725,1894,0.91,0.0586,3.515,5.377,5.921,129387,24978,39917,122.933975,3477411,18005616,36736,202187456,3863447
S_Amer,BOL,Bolivia,1465264.25,0.004474,0.3,0.38,0.18,0.26,0.52,0.36,0.000858015,0.7,0.3,0.19,0.04,0.2,1.15999997,0,0.56,1.33899999,3,3,3,0.8815,1.0481,1.1982,1.24297,-0.0994,-0.0891,-0.1031,-0.0532,-0.7371,-0.8257,-1.1716,-1.1413,0.067,0.0508,0.0832,0.039,3.2861,0.0854,4.6185,-0.2101,0.1353,-0.1957,0.26601,1823,9.54,1.06157,3.845,5.197,7.075,82283,16928,23426,241.723068,4254835,25464924,18616,37996372,3975350
BRA,BRA,Brazil,1639649.5,0.086276,0.12,0.22,0.31,0.21,0.57,0.57,0.009094,0.72,0.28,0.09,0.03,0.28,1.15999997,0,0.56,1.33899999,3,3,3,0.8815,1.0481,1.1982,1.24297,-0.0994,-0.0891,-0.1031,-0.0532,-0.7371,-0.8257,-1.1716,-1.1413,0.067,0.0508,0.0832,0.039,3.2861,0.0854,4.6185,-0.2101,0.1353,-0.1957,0.10645,1886,0.01,0.01,3.799,5.165,7.519,77730,23901,26811,364.633087,3476219,19806708,73509,128806760,1506065
S_Afr,BWA,Botswana,221774.2813,0.000685,0.21,0.41,0.21,0.26,0.58,0.33,1.92E-05,0.54,0.46,0.06,0.02,0.1,1.15999997,0,0.28,1.33899999,3,3,3,0.8815,1.0481,1.1982,1.24297,-0.0994,-0.0891,-0.1031,-0.0532,-0.7371,-0.8257,-1.1716,-1.1413,0.067,0.0508,0.0832,0.039,3.2861,0.0854,4.6185,-0.2101,0.1353,-0.1957,0.25826,1850,7.68,0.80066,5.833,4.978,6.136,18904,4553,8115,107.244705,5522569,39092792,44765,102016576,4291167
SSA,CAF,Central African Republic,584719.375,0.000685,0.59,0.92,0.07,0.01,0.34,0.07,8.93048E-05,0.94,0.06,0.1,0.02,0.19,1.15999997,0,0.56,1.33899999,3,3,3,0.8815,1.0481,1.1982,1.24297,-0.0994,-0.0891,-0.1031,-0.0532,-0.7371,-0.8257,-1.1716,-1.1413,0.067,0.0508,0.0832,0.039,3.2861,0.0854,4.6185,-0.2101,0.1353,-0.1957,0.2764,1709,15.96,2.09783,4.34,5.159,7.576,368938,13278,45449,294.507904,3050183,8775243,138759,90694584,2021048
CAN,CAN,Canada,1239549.625,0.04651,0.74,0.17,0.06,0.48,0.2,0.35,0.022047,0.38,0.62,0.07,0.03,0.11,1.15999997,0,0.28,1.33899999,3,3,3,0.8815,1.0481,1.1982,1.24297,-0.0994,-0.0891,-0.1031,-0.0532,-0.7371,-0.8257,-1.1716,-1.1413,0.067,0.0508,0.0832,0.039,3.2861,0.0854,4.6185,-0.2101,0.1353,-0.1957,0.10645,1921,0.01,0.01,3.325,5.426,6.437,15244,4224,6979,111.888603,1218197,6241572,5328,30075228,30045
EU,CHE,Switzerland,13325216,0.022732,0.45,0.42,0.17,0.28,0.38,0.3,0.001379027,0.62,0.38,0.08,0.03,0.11,1.15999997,0,0.11,1.33899999,3,3,3,0.8815,1.0481,1.1982,1.24297,-0.0994,-0.0891,-0.1031,-0.0532,-0.7371,-0.8257,-1.1716,-1.1413,0.067,0.0508,0.0832,0.039,3.2861,0.0854,4.6185,-0.2101,0.1353,-0.1957,0.10645,1934,0.15,0.01,3.429,6.009,6.262,172097,45149,68651,229.931442,16247328,34112912,209369,138230752,13836939
S_Amer,CHL,Chile,1465264.25,0.004474,0.3,0.38,0.18,0.26,0.52,0.36,0.001886139,0.7,0.3,0.19,0.04,0.2,1.15999997,0,0.56,1.33899999,3,3,3,0.8815,1.0481,1.1982,1.24297,-0.0994,-0.0891,-0.1031,-0.0532,-0.7371,-0.8257,-1.1716,-1.1413,0.067,0.0508,0.0832,0.039,3.2861,0.0854,4.6185,-0.2101,0.1353,-0.1957,0.26601,1823,9.54,1.06157,3.845,5.197,7.075,82283,16928,23426,241.723068,4254835,25464924,18616,37996372,3975350
CHINA,CHN,China,4364810,0.004871,0.14,0.32,0.33,0.28,0.53,0.4,0.157448644,0.99,0.01,0.19,0.08,0.34,1.15999997,0,0.28,1.33899999,3,3,3,0.8815,1.0481,1.1982,1.24297,-0.0994,-0.0891,-0.1031,-0.0532,-0.7371,-0.8257,-1.1716,-1.1413,0.067,0.0508,0.0832,0.039,3.2861,0.0854,4.6185,-0.2101,0.1353,-0.1957,0.10645,1883,0.07,0.01,2.79,7.06,6.81,1046390,127378,91021,245.681091,33905060,172539680,38058,624986816,134586288
SSA,CIV,Cote d'Ivoire,584719.375,0.000685,0.59,0.92,0.07,0.01,0.34,0.07,0.001258315,0.94,0.06,0.1,0.02,0.19,1.15999997,0,0.56,1.33899999,3,3,3,0.8815,1.0481,1.1982,1.24297,-0.0994,-0.0891,-0.1031,-0.0532,-0.7371,-0.8257,-1.1716,-1.1413,0.067,0.0508,0.0832,0.039,3.2861,0.0854,4.6185,-0.2101,0.1353,-0.1957,0.2764,1709,15.96,2.09783,4.34,5.159,7.576,368938,13278,45449,294.507904,3050183,8775243,138759,90694584,2021048
SSA,CMR,Cameroon,584719.375,0.000685,0.59,0.92,0.07,0.01,0.34,0.07,0.000946551,0.94,0.06,0.1,0.02,0.19,1.15999997,0,0.56,1.33899999,3,3,3,0.8815,1.0481,1.1982,1.24297,-0.0994,-0.0891,-0.1031,-0.0532,-0.7371,-0.8257,-1.1716,-1.1413,0.067,0.0508,0.0832,0.039,3.2861,0.0854,4.6185,-0.2101,0.1353,-0.1957,0.2764,1709,15.96,2.09783,4.34,5.159,7.576,368938,13278,45449,294.507904,3050183,8775243,138759,90694584,2021048
SSA,COD,Congo the Democratic Republic of the,584719.375,0.000685,0.59,0.92,0.07,0.01,0.34,0.07,0.001037505,0.94,0.06,0.1,0.02,0.19,1.15999997,0,0.56,1.33899999,3,3,3,0.8815,1.0481,1.1982,1.24297,-0.0994,-0.0891,-0.1031,-0.0532,-0.7371,-0.8257,-1.1716,-1.1413,0.067,0.0508,0.0832,0.039,3.2861,0.0854,4.6185,-0.2101,0.1353,-0.1957,0.2764,1709,15.96,2.09783,4.34,5.159,7.576,368938,13278,45449,294.507904,3050183,8775243,138759,90694584,2021048
SSA,COG,Congo,584719.375,0.000685,0.59,0.92,0.07,0.01,0.34,0.07,5.12956E-05,0.94,0.06,0.1,0.02,0.19,1.15999997,0,0.56,1.33899999,3,3,3,0.8815,1.0481,1.1982,1.24297,-0.0994,-0.0891,-0.1031,-0.0532,-0.7371,-0.8257,-1.1716,-1.1413,0.067,0.0508,0.0832,0.039,3.2861,0.0854,4.6185,-0.2101,0.1353,-0.1957,0.2764,1709,15.96,2.09783,4.34,5.159,7.576,368938,13278,45449,294.507904,3050183,8775243,138759,90694584,2021048
S_Amer,COL,Colombia,1465264.25,0.004474,0.3,0.38,0.18,0.26,0.52,0.36,0.003305538,0.7,0.3,0.19,0.04,0.2,1.15999997,0,0.56,1.33899999,3,3,3,0.8815,1.0481,1.1982,1.24297,-0.0994,-0.0891,-0.1031,-0.0532,-0.7371,-0.8257,-1.1716,-1.1413,0.067,0.0508,0.0832,0.039,3.2861,0.0854,4.6185,-0.2101,0.1353,-0.1957,0.26601,1823,9.54,1.06157,3.845,5.197,7.075,82283,16928,23426,241.723068,4254835,25464924,18616,37996372,3975350
SSA,COM,Comoros,584719.375,0.000685,0.59,0.92,0.07,0.01,0.34,0.07,1.11E-05,0.94,0.06,0.1,0.02,0.19,1.15999997,0,0.56,1.33899999,3,3,3,0.8815,1.0481,1.1982,1.24297,-0.0994,-0.0891,-0.1031,-0.0532,-0.7371,-0.8257,-1.1716,-1.1413,0.067,0.0508,0.0832,0.039,3.2861,0.0854,4.6185,-0.2101,0.1353,-0.1957,0.2764,1709,15.96,2.09783,4.34,5.159,7.576,368938,13278,45449,294.507904,3050183,8775243,138759,90694584,2021048
CC_Amer,CRI,Costa Rica,1122336.125,0.008658,0.16,0.5,0.31,0.21,0.53,0.29,0.001643997,0.63,0.37,0.19,0.06,0.12,1.15999997,0,0.28,1.33899999,3,3,3,0.8815,1.0481,1.1982,1.24297,-0.0994,-0.0891,-0.1031,-0.0532,-0.7371,-0.8257,-1.1716,-1.1413,0.067,0.0508,0.0832,0.039,3.2861,0.0854,4.6185,-0.2101,0.1353,-0.1957,0.29929,1821,10.11,1.307,4.239,5.06,7.553,78884,16258,22099,402.959137,1729887,14846681,104336,26472432,15311685
EU,CYP,Cyprus,13325216,0.022732,0.45,0.42,0.17,0.28,0.38,0.3,3.25E-04,0.62,0.38,0.08,0.03,0.11,1.15999997,0,0.11,1.33899999,3,3,3,0.8815,1.0481,1.1982,1.24297,-0.0994,-0.0891,-0.1031,-0.0532,-0.7371,-0.8257,-1.1716,-1.1413,0.067,0.0508,0.0832,0.039,3.2861,0.0854,4.6185,-0.2101,0.1353,-0.1957,0.10645,1934,0.15,0.01,3.429,6.009,6.262,172097,45149,68651,229.931442,16247328,34112912,209369,138230752,13836939
EU,CZE,Czech Republic,13325216,0.022732,0.45,0.42,0.17,0.28,0.38,0.3,0.004504214,0.62,0.38,0.08,0.03,0.11,1.15999997,0,0.11,1.33899999,3,3,3,0.8815,1.0481,1.1982,1.24297,-0.0994,-0.0891,-0.1031,-0.0532,-0.7371,-0.8257,-1.1716,-1.1413,0.067,0.0508,0.0832,0.039,3.2861,0.0854,4.6185,-0.2101,0.1353,-0.1957,0.10645,1934,0.15,0.01,3.429,6.009,6.262,172097,45149,68651,229.931442,16247328,34112912,209369,138230752,13836939
EU,DEU,Germany,13325216,0.022732,0.45,0.42,0.17,0.28,0.38,0.3,0.030759956,0.62,0.38,0.08,0.03,0.11,1.15999997,0,0.11,1.33899999,3,3,3,0.8815,1.0481,1.1982,1.24297,-0.0994,-0.0891,-0.1031,-0.0532,-0.7371,-0.8257,-1.1716,-1.1413,0.067,0.0508,0.0832,0.039,3.2861,0.0854,4.6185,-0.2101,0.1353,-0.1957,0.10645,1934,0.15,0.01,3.429,6.009,6.262,172097,45149,68651,229.931442,16247328,34112912,209369,138230752,13836939
EU,DNK,Denmark,13325216,0.022732,0.45,0.42,0.17,0.28,0.38,0.3,0.00457893,0.62,0.38,0.08,0.03,0.11,1.15999997,0,0.11,1.33899999,3,3,3,0.8815,1.0481,1.1982,1.24297,-0.0994,-0.0891,-0.1031,-0.0532,-0.7371,-0.8257,-1.1716,-1.1413,0.067,0.0508,0.0832,0.039,3.2861,0.0854,4.6185,-0.2101,0.1353,-0.1957,0.10645,1934,0.15,0.01,3.429,6.009,6.262,172097,45149,68651,229.931442,16247328,34112912,209369,138230752,13836939
CC_Amer,DOM,Dominican Republic,1122336.125,0.008658,0.16,0.5,0.31,0.21,0.53,0.29,0.001628408,0.63,0.37,0.19,0.06,0.12,1.15999997,0,0.28,1.33899999,3,3,3,0.8815,1.0481,1.1982,1.24297,-0.0994,-0.0891,-0.1031,-0.0532,-0.7371,-0.8257,-1.1716,-1.1413,0.067,0.0508,0.0832,0.039,3.2861,0.0854,4.6185,-0.2101,0.1353,-0.1957,0.29929,1821,10.11,1.307,4.239,5.06,7.553,78884,16258,22099,402.959137,1729887,14846681,104336,26472432,15311685
N_Afr,DZA,Algeria,455774.1875,0.000003,0.26,0.52,0.05,0.21,0.69,0.27,0.007118933,0.93,0.07,0.09,0.19,0.4,1.15999997,0,0.11,1.33899999,3,3,3,0.8815,1.0481,1.1982,1.24297,-0.0994,-0.0891,-0.1031,-0.0532,-0.7371,-0.8257,-1.1716,-1.1413,0.067,0.0508,0.0832,0.039,3.2861,0.0854,4.6185,-0.2101,0.1353,-0.1957,0.29828,1801,3.91,0.44993,4.199,4.602,12.389,108675,7113,8090,139.094025,14082316,63692088,83543,456872896,3808528
S_Amer,ECU,Ecuador,1465264.25,0.004474,0.3,0.38,0.18,0.26,0.52,0.36,0.001570275,0.7,0.3,0.19,0.04,0.2,1.15999997,0,0.56,1.33899999,3,3,3,0.8815,1.0481,1.1982,1.24297,-0.0994,-0.0891,-0.1031,-0.0532,-0.7371,-0.8257,-1.1716,-1.1413,0.067,0.0508,0.0832,0.039,3.2861,0.0854,4.6185,-0.2101,0.1353,-0.1957,0.26601,1823,9.54,1.06157,3.845,5.197,7.075,82283,16928,23426,241.723068,4254835,25464924,18616,37996372,3975350
N_Afr,EGY,Egypt,455774.1875,0.000003,0.26,0.52,0.05,0.21,0.69,0.27,0.020294854,0.93,0.07,0.09,0.19,0.4,1.15999997,0,0.11,1.33899999,3,3,3,0.8815,1.0481,1.1982,1.24297,-0.0994,-0.0891,-0.1031,-0.0532,-0.7371,-0.8257,-1.1716,-1.1413,0.067,0.0508,0.0832,0.039,3.2861,0.0854,4.6185,-0.2101,0.1353,-0.1957,0.29828,1801,3.91,0.44993,4.199,4.602,12.389,108675,7113,8090,139.094025,14082316,63692088,83543,456872896,3808528
EU,ESP,Spain,13325216,0.022732,0.45,0.42,0.17,0.28,0.38,0.3,0.052908201,0.62,0.38,0.08,0.03,0.11,1.15999997,0,0.11,1.33899999,3,3,3,0.8815,1.0481,1.1982,1.24297,-0.0994,-0.0891,-0.1031,-0.0532,-0.7371,-0.8257,-1.1716,-1.1413,0.067,0.0508,0.0832,0.039,3.2861,0.0854,4.6185,-0.2101,0.1353,-0.1957,0.10645,1934,0.15,0.01,3.429,6.009,6.262,172097,45149,68651,229.931442,16247328,34112912,209369,138230752,13836939
EU,EST,Estonia,13325216,0.022732,0.45,0.42,0.17,0.28,0.38,0.3,0.000746783,0.62,0.38,0.08,0.03,0.11,1.15999997,0,0.11,1.33899999,3,3,3,0.8815,1.0481,1.1982,1.24297,-0.0994,-0.0891,-0.1031,-0.0532,-0.7371,-0.8257,-1.1716,-1.1413,0.067,0.0508,0.0832,0.039,3.2861,0.0854,4.6185,-0.2101,0.1353,-0.1957,0.10645,1934,0.15,0.01,3.429,6.009,6.262,172097,45149,68651,229.931442,16247328,34112912,209369,138230752,13836939
SSA,ETH,Ethiopia,584719.375,0.000685,0.59,0.92,0.07,0.01,0.34,0.07,0.001210363,0.94,0.06,0.1,0.02,0.19,1.15999997,0,0.56,1.33899999,3,3,3,0.8815,1.0481,1.1982,1.24297,-0.0994,-0.0891,-0.1031,-0.0532,-0.7371,-0.8257,-1.1716,-1.1413,0.067,0.0508,0.0832,0.039,3.2861,0.0854,4.6185,-0.2101,0.1353,-0.1957,0.2764,1709,15.96,2.09783,4.34,5.159,7.576,368938,13278,45449,294.507904,3050183,8775243,138759,90694584,2021048
EU,FIN,Finland,13325216,0.022732,0.45,0.42,0.17,0.28,0.38,0.3,0.001533769,0.62,0.38,0.08,0.03,0.11,1.15999997,0,0.11,1.33899999,3,3,3,0.8815,1.0481,1.1982,1.24297,-0.0994,-0.0891,-0.1031,-0.0532,-0.7371,-0.8257,-1.1716,-1.1413,0.067,0.0508,0.0832,0.039,3.2861,0.0854,4.6185,-0.2101,0.1353,-0.1957,0.10645,1934,0.15,0.01,3.429,6.009,6.262,172097,45149,68651,229.931442,16247328,34112912,209369,138230752,13836939
EU,FRA,France,13325216,0.022732,0.45,0.42,0.17,0.28,0.38,0.3,0.051168109,0.62,0.38,0.08,0.03,0.11,1.15999997,0,0.11,1.33899999,3,3,3,0.8815,1.0481,1.1982,1.24297,-0.0994,-0.0891,-0.1031,-0.0532,-0.7371,-0.8257,-1.1716,-1.1413,0.067,0.0508,0.0832,0.039,3.2861,0.0854,4.6185,-0.2101,0.1353,-0.1957,0.10645,1934,0.15,0.01,3.429,6.009,6.262,172097,45149,68651,229.931442,16247328,34112912,209369,138230752,13836939
SSA,GAB,Gabon,584719.375,0.000685,0.59,0.92,0.07,0.01,0.34,0.07,4.62129E-05,0.94,0.06,0.1,0.02,0.19,1.15999997,0,0.56,1.33899999,3,3,3,0.8815,1.0481,1.1982,1.24297,-0.0994,-0.0891,-0.1031,-0.0532,-0.7371,-0.8257,-1.1716,-1.1413,0.067,0.0508,0.0832,0.039,3.2861,0.0854,4.6185,-0.2101,0.1353,-0.1957,0.2764,1709,15.96,2.09783,4.34,5.159,7.576,368938,13278,45449,294.507904,3050183,8775243,138759,90694584,2021048
EU,GBR,United Kingdom,13325216,0.022732,0.45,0.42,0.17,0.28,0.38,0.3,0.015212151,0.62,0.38,0.08,0.03,0.11,1.15999997,0,0.11,1.33899999,3,3,3,0.8815,1.0481,1.1982,1.24297,-0.0994,-0.0891,-0.1031,-0.0532,-0.7371,-0.8257,-1.1716,-1.1413,0.067,0.0508,0.0832,0.039,3.2861,0.0854,4.6185,-0.2101,0.1353,-0.1957,0.10645,1934,0.15,0.01,3.429,6.009,6.262,172097,45149,68651,229.931442,16247328,34112912,209369,138230752,13836939
E_Euro,GEO,Georgia,1455203.75,0.000002,0.34,0.49,0.31,0.26,0.35,0.25,0.000233377,0.8,0.2,0.18,0.07,0.18,1.15999997,0,0.56,1.33899999,3,3,3,0.8815,1.0481,1.1982,1.24297,-0.0994,-0.0891,-0.1031,-0.0532,-0.7371,-0.8257,-1.1716,-1.1413,0.067,0.0508,0.0832,0.039,3.2861,0.0854,4.6185,-0.2101,0.1353,-0.1957,0.17725,1894,0.91,0.0586,3.515,5.377,5.921,129387,24978,39917,122.933975,3477411,18005616,36736,202187456,3863447
SSA,GHA,Ghana,584719.375,0.000685,0.59,0.92,0.07,0.01,0.34,0.07,0.001422211,0.94,0.06,0.1,0.02,0.19,1.15999997,0,0.56,1.33899999,3,3,3,0.8815,1.0481,1.1982,1.24297,-0.0994,-0.0891,-0.1031,-0.0532,-0.7371,-0.8257,-1.1716,-1.1413,0.067,0.0508,0.0832,0.039,3.2861,0.0854,4.6185,-0.2101,0.1353,-0.1957,0.2764,1709,15.96,2.09783,4.34,5.159,7.576,368938,13278,45449,294.507904,3050183,8775243,138759,90694584,2021048
SSA,GIN,Guinea,584719.375,0.000685,0.59,0.92,0.07,0.01,0.34,0.07,0.000357754,0.94,0.06,0.1,0.02,0.19,1.15999997,0,0.56,1.33899999,3,3,3,0.8815,1.0481,1.1982,1.24297,-0.0994,-0.0891,-0.1031,-0.0532,-0.7371,-0.8257,-1.1716,-1.1413,0.067,0.0508,0.0832,0.039,3.2861,0.0854,4.6185,-0.2101,0.1353,-0.1957,0.2764,1709,15.96,2.09783,4.34,5.159,7.576,368938,13278,45449,294.507904,3050183,8775243,138759,90694584,2021048
SSA,GNQ,Equatorial Guinea,584719.375,0.000685,0.59,0.92,0.07,0.01,0.34,0.07,1.05E-05,0.94,0.06,0.1,0.02,0.19,1.15999997,0,0.56,1.33899999,3,3,3,0.8815,1.0481,1.1982,1.24297,-0.0994,-0.0891,-0.1031,-0.0532,-0.7371,-0.8257,-1.1716,-1.1413,0.067,0.0508,0.0832,0.039,3.2861,0.0854,4.6185,-0.2101,0.1353,-0.1957,0.2764,1709,15.96,2.09783,4.34,5.159,7.576,368938,13278,45449,294.507904,3050183,8775243,138759,90694584,2021048
EU,GRC,Greece,13325216,0.022732,0.45,0.42,0.17,0.28,0.38,0.3,0.014153987,0.62,0.38,0.08,0.03,0.11,1.15999997,0,0.11,1.33899999,3,3,3,0.8815,1.0481,1.1982,1.24297,-0.0994,-0.0891,-0.1031,-0.0532,-0.7371,-0.8257,-1.1716,-1.1413,0.067,0.0508,0.0832,0.039,3.2861,0.0854,4.6185,-0.2101,0.1353,-0.1957,0.10645,1934,0.15,0.01,3.429,6.009,6.262,172097,45149,68651,229.931442,16247328,34112912,209369,138230752,13836939
CC_Amer,GTM,Guatemala,1122336.125,0.008658,0.16,0.5,0.31,0.21,0.53,0.29,0.003524408,0.63,0.37,0.19,0.06,0.12,1.15999997,0,0.28,1.33899999,3,3,3,0.8815,1.0481,1.1982,1.24297,-0.0994,-0.0891,-0.1031,-0.0532,-0.7371,-0.8257,-1.1716,-1.1413,0.067,0.0508,0.0832,0.039,3.2861,0.0854,4.6185,-0.2101,0.1353,-0.1957,0.29929,1821,10.11,1.307,4.239,5.06,7.553,78884,16258,22099,402.959137,1729887,14846681,104336,26472432,15311685
CHINA,HKG,Hong Kong,4364810,0.004871,0.14,0.32,0.33,0.28,0.53,0.4,4.36E-06,0.99,0.01,0.19,0.08,0.34,1.15999997,0,0.28,1.33899999,3,3,3,0.8815,1.0481,1.1982,1.24297,-0.0994,-0.0891,-0.1031,-0.0532,-0.7371,-0.8257,-1.1716,-1.1413,0.067,0.0508,0.0832,0.039,3.2861,0.0854,4.6185,-0.2101,0.1353,-0.1957,0.10645,1883,0.07,0.01,2.79,7.06,6.81,1046390,127378,91021,245.681091,33905060,172539680,38058,624986816,134586288
CC_Amer,HND,Honduras,1122336.125,0.008658,0.16,0.5,0.31,0.21,0.53,0.29,0.001229071,0.63,0.37,0.19,0.06,0.12,1.15999997,0,0.28,1.33899999,3,3,3,0.8815,1.0481,1.1982,1.24297,-0.0994,-0.0891,-0.1031,-0.0532,-0.7371,-0.8257,-1.1716,-1.1413,0.067,0.0508,0.0832,0.039,3.2861,0.0854,4.6185,-0.2101,0.1353,-0.1957,0.29929,1821,10.11,1.307,4.239,5.06,7.553,78884,16258,22099,402.959137,1729887,14846681,104336,26472432,15311685
E_Euro,HRV,Croatia,1455203.75,0.000002,0.34,0.49,0.31,0.26,0.35,0.25,0.00058914,0.8,0.2,0.18,0.07,0.18,1.15999997,0,0.56,1.33899999,3,3,3,0.8815,1.0481,1.1982,1.24297,-0.0994,-0.0891,-0.1031,-0.0532,-0.7371,-0.8257,-1.1716,-1.1413,0.067,0.0508,0.0832,0.039,3.2861,0.0854,4.6185,-0.2101,0.1353,-0.1957,0.17725,1894,0.91,0.0586,3.515,5.377,5.921,129387,24978,39917,122.933975,3477411,18005616,36736,202187456,3863447
EU,HUN,Hungary,13325216,0.022732,0.45,0.42,0.17,0.28,0.38,0.3,0.009702112,0.62,0.38,0.08,0.03,0.11,1.15999997,0,0.11,1.33899999,3,3,3,0.8815,1.0481,1.1982,1.24297,-0.0994,-0.0891,-0.1031,-0.0532,-0.7371,-0.8257,-1.1716,-1.1413,0.067,0.0508,0.0832,0.039,3.2861,0.0854,4.6185,-0.2101,0.1353,-0.1957,0.10645,1934,0.15,0.01,3.429,6.009,6.262,172097,45149,68651,229.931442,16247328,34112912,209369,138230752,13836939
SE_Asia,IDN,Indonesia,1412753,0.001296,0.41,0.25,0.15,0.21,0.44,0.54,0.028113716,0.91,0.09,0.35,0.05,0.34,1.15999997,0,0.28,1.33899999,3,3,3,0.8815,1.0481,1.1982,1.24297,-0.0994,-0.0891,-0.1031,-0.0532,-0.7371,-0.8257,-1.1716,-1.1413,0.067,0.0508,0.0832,0.039,3.2861,0.0854,4.6185,-0.2101,0.1353,-0.1957,0.28552,1789,9.63,1.14245,4.326,6.065,10.008,297440,27252,31097,672.622864,2950540,22034388,8258,52656432,4048035
S_Asia,IND,India,1310297.25,0.000652,0.61,0.48,0.21,0.15,0.18,0.37,0.0229379,0.96,0.04,0.29,0.11,0.46,1.15999997,0,0.28,1.33899999,3,3,3,0.8815,1.0481,1.1982,1.24297,-0.0994,-0.0891,-0.1031,-0.0532,-0.7371,-0.8257,-1.1716,-1.1413,0.067,0.0508,0.0832,0.039,3.2861,0.0854,4.6185,-0.2101,0.1353,-0.1957,0.22712,1784,13.51,1.41004,4.607,10.873,14.631,677844,17499,55711,312.292389,22720872,114324248,929307,371232480,16758959
EU,IRL,Ireland,13325216,0.022732,0.45,0.42,0.17,0.28,0.38,0.3,0.001242489,0.62,0.38,0.08,0.03,0.11,1.15999997,0,0.11,1.33899999,3,3,3,0.8815,1.0481,1.1982,1.24297,-0.0994,-0.0891,-0.1031,-0.0532,-0.7371,-0.8257,-1.1716,-1.1413,0.067,0.0508,0.0832,0.039,3.2861,0.0854,4.6185,-0.2101,0.1353,-0.1957,0.10645,1934,0.15,0.01,3.429,6.009,6.262,172097,45149,68651,229.931442,16247328,34112912,209369,138230752,13836939
M_East,IRN,Iran Islamic Republic of,2064053.75,0.000003,0.45,0.72,0.15,0.15,0.4,0.13,0.028325825,0.92,0.08,0.08,0.08,0.2,1.15999997,0,0.11,1.33899999,3,3,3,0.8815,1.0481,1.1982,1.24297,-0.0994,-0.0891,-0.1031,-0.0532,-0.7371,-0.8257,-1.1716,-1.1413,0.067,0.0508,0.0832,0.039,3.2861,0.0854,4.6185,-0.2101,0.1353,-0.1957,0.27233,1823,5.33,0.6035,3.983,4.844,13.129,151872,15039,16289,104.192741,24941752,79721224,88888,231671488,299854720
M_East,IRQ,Iraq,2064053.75,0.000003,0.45,0.72,0.15,0.15,0.4,0.13,0.002185311,0.92,0.08,0.08,0.08,0.2,1.15999997,0,0.11,1.33899999,3,3,3,0.8815,1.0481,1.1982,1.24297,-0.0994,-0.0891,-0.1031,-0.0532,-0.7371,-0.8257,-1.1716,-1.1413,0.067,0.0508,0.0832,0.039,3.2861,0.0854,4.6185,-0.2101,0.1353,-0.1957,0.27233,1823,5.33,0.6035,3.983,4.844,13.129,151872,15039,16289,104.192741,24941752,79721224,88888,231671488,299854720
M_East,ISR,Israel,2064053.75,0.000003,0.45,0.72,0.15,0.15,0.4,0.13,0.001679618,0.92,0.08,0.08,0.08,0.2,1.15999997,0,0.11,1.33899999,3,3,3,0.8815,1.0481,1.1982,1.24297,-0.0994,-0.0891,-0.1031,-0.0532,-0.7371,-0.8257,-1.1716,-1.1413,0.067,0.0508,0.0832,0.039,3.2861,0.0854,4.6185,-0.2101,0.1353,-0.1957,0.27233,1823,5.33,0.6035,3.983,4.844,13.129,151872,15039,16289,104.192741,24941752,79721224,88888,231671488,299854720
EU,ITA,Italy,13325216,0.022732,0.45,0.42,0.17,0.28,0.38,0.3,0.046710166,0.62,0.38,0.08,0.03,0.11,1.15999997,0,0.11,1.33899999,3,3,3,0.8815,1.0481,1.1982,1.24297,-0.0994,-0.0891,-0.1031,-0.0532,-0.7371,-0.8257,-1.1716,-1.1413,0.067,0.0508,0.0832,0.039,3.2861,0.0854,4.6185,-0.2101,0.1353,-0.1957,0.10645,1934,0.15,0.01,3.429,6.009,6.262,172097,45149,68651,229.931442,16247328,34112912,209369,138230752,13836939
CC_Amer,JAM,Jamaica,1122336.125,0.008658,0.16,0.5,0.31,0.21,0.53,0.29,0.0002765,0.63,0.37,0.19,0.06,0.12,1.15999997,0,0.28,1.33899999,3,3,3,0.8815,1.0481,1.1982,1.24297,-0.0994,-0.0891,-0.1031,-0.0532,-0.7371,-0.8257,-1.1716,-1.1413,0.067,0.0508,0.0832,0.039,3.2861,0.0854,4.6185,-0.2101,0.1353,-0.1957,0.29929,1821,10.11,1.307,4.239,5.06,7.553,78884,16258,22099,402.959137,1729887,14846681,104336,26472432,15311685
M_East,JOR,Jordan,2064053.75,0.000003,0.45,0.72,0.15,0.15,0.4,0.13,0.001307283,0.92,0.08,0.08,0.08,0.2,1.15999997,0,0.11,1.33899999,3,3,3,0.8815,1.0481,1.1982,1.24297,-0.0994,-0.0891,-0.1031,-0.0532,-0.7371,-0.8257,-1.1716,-1.1413,0.067,0.0508,0.0832,0.039,3.2861,0.0854,4.6185,-0.2101,0.1353,-0.1957,0.27233,1823,5.33,0.6035,3.983,4.844,13.129,151872,15039,16289,104.192741,24941752,79721224,88888,231671488,299854720
JPN_KR,JPN,Japan,4134109,0.00059,0.21,0.4,0.12,0.2,0.67,0.4,0.043721168,0.98,0.02,0.16,0.02,0.18,1.15999997,0,0.11,1.33899999,3,3,3,0.8815,1.0481,1.1982,1.24297,-0.0994,-0.0891,-0.1031,-0.0532,-0.7371,-0.8257,-1.1716,-1.1413,0.067,0.0508,0.0832,0.039,3.2861,0.0854,4.6185,-0.2101,0.1353,-0.1957,0.10645,1869,0.01,0.01,4.23,4.487,8.271,63056,13779,17634,284.797485,14662682,19454488,91085,772198912,35158116
E_Euro,KAZ,Kazakhstan,1455203.75,0.000002,0.34,0.49,0.31,0.26,0.35,0.25,0.002448388,0.8,0.2,0.18,0.07,0.18,1.15999997,0,0.56,1.33899999,3,3,3,0.8815,1.0481,1.1982,1.24297,-0.0994,-0.0891,-0.1031,-0.0532,-0.7371,-0.8257,-1.1716,-1.1413,0.067,0.0508,0.0832,0.039,3.2861,0.0854,4.6185,-0.2101,0.1353,-0.1957,0.17725,1894,0.91,0.0586,3.515,5.377,5.921,129387,24978,39917,122.933975,3477411,18005616,36736,202187456,3863447
SSA,KEN,Kenya,584719.375,0.000685,0.59,0.92,0.07,0.01,0.34,0.07,0.000632958,0.94,0.06,0.1,0.02,0.19,1.15999997,0,0.56,1.33899999,3,3,3,0.8815,1.0481,1.1982,1.24297,-0.0994,-0.0891,-0.1031,-0.0532,-0.7371,-0.8257,-1.1716,-1.1413,0.067,0.0508,0.0832,0.039,3.2861,0.0854,4.6185,-0.2101,0.1353,-0.1957,0.2764,1709,15.96,2.09783,4.34,5.159,7.576,368938,13278,45449,294.507904,3050183,8775243,138759,90694584,2021048
C_Asia,KGZ,Kyrgyztan,195335.2031,0.000838,0.26,0.84,0.59,0.12,0.15,0.04,0.000334069,0.9,0.1,0.17,0.08,0.16,1.15999997,0,0.56,1.33899999,3,3,3,0.8815,1.0481,1.1982,1.24297,-0.0994,-0.0891,-0.1031,-0.0532,-0.7371,-0.8257,-1.1716,-1.1413,0.067,0.0508,0.0832,0.039,3.2861,0.0854,4.6185,-0.2101,0.1353,-0.1957,0.21422,1761,14.07,1.37886,3.879,6.153,11.142,41424,3153,2607,36.017937,33459908,116193312,140419,276813440,14709881
SE_Asia,KHM,Cambodia,1412753,0.001296,0.41,0.25,0.15,0.21,0.44,0.54,0.001651694,0.91,0.09,0.35,0.05,0.34,1.15999997,0,0.28,1.33899999,3,3,3,0.8815,1.0481,1.1982,1.24297,-0.0994,-0.0891,-0.1031,-0.0532,-0.7371,-0.8257,-1.1716,-1.1413,0.067,0.0508,0.0832,0.039,3.2861,0.0854,4.6185,-0.2101,0.1353,-0.1957,0.28552,1789,9.63,1.14245,4.326,6.065,10.008,297440,27252,31097,672.622864,2950540,22034388,8258,52656432,4048035
JPN_KR,KOR,Korea,4134109,0.00059,0.21,0.4,0.12,0.2,0.67,0.4,0.029334664,0.98,0.02,0.16,0.02,0.18,1.15999997,0,0.11,1.33899999,3,3,3,0.8815,1.0481,1.1982,1.24297,-0.0994,-0.0891,-0.1031,-0.0532,-0.7371,-0.8257,-1.1716,-1.1413,0.067,0.0508,0.0832,0.039,3.2861,0.0854,4.6185,-0.2101,0.1353,-0.1957,0.10645,1869,0.01,0.01,4.23,4.487,8.271,63056,13779,17634,284.797485,14662682,19454488,91085,772198912,35158116
M_East,KWT,Kuwait,2064053.75,0.000003,0.45,0.72,0.15,0.15,0.4,0.13,0.000262813,0.92,0.08,0.08,0.08,0.2,1.15999997,0,0.11,1.33899999,3,3,3,0.8815,1.0481,1.1982,1.24297,-0.0994,-0.0891,-0.1031,-0.0532,-0.7371,-0.8257,-1.1716,-1.1413,0.067,0.0508,0.0832,0.039,3.2861,0.0854,4.6185,-0.2101,0.1353,-0.1957,0.27233,1823,5.33,0.6035,3.983,4.844,13.129,151872,15039,16289,104.192741,24941752,79721224,88888,231671488,299854720
SE_Asia,LAO,Lao People's Democratic Republic,1412753,0.001296,0.41,0.25,0.15,0.21,0.44,0.54,0.001529013,0.91,0.09,0.35,0.05,0.34,1.15999997,0,0.28,1.33899999,3,3,3,0.8815,1.0481,1.1982,1.24297,-0.0994,-0.0891,-0.1031,-0.0532,-0.7371,-0.8257,-1.1716,-1.1413,0.067,0.0508,0.0832,0.039,3.2861,0.0854,4.6185,-0.2101,0.1353,-0.1957,0.28552,1789,9.63,1.14245,4.326,6.065,10.008,297440,27252,31097,672.622864,2950540,22034388,8258,52656432,4048035
M_East,LBN,Lebanon,2064053.75,0.000003,0.45,0.72,0.15,0.15,0.4,0.13,0.001287967,0.92,0.08,0.08,0.08,0.2,1.15999997,0,0.11,1.33899999,3,3,3,0.8815,1.0481,1.1982,1.24297,-0.0994,-0.0891,-0.1031,-0.0532,-0.7371,-0.8257,-1.1716,-1.1413,0.067,0.0508,0.0832,0.039,3.2861,0.0854,4.6185,-0.2101,0.1353,-0.1957,0.27233,1823,5.33,0.6035,3.983,4.844,13.129,151872,15039,16289,104.192741,24941752,79721224,88888,231671488,299854720
S_Asia,LKA,Sri Lanka,1310297.25,0.000652,0.61,0.48,0.21,0.15,0.18,0.37,0.000391595,0.96,0.04,0.29,0.11,0.46,1.15999997,0,0.28,1.33899999,3,3,3,0.8815,1.0481,1.1982,1.24297,-0.0994,-0.0891,-0.1031,-0.0532,-0.7371,-0.8257,-1.1716,-1.1413,0.067,0.0508,0.0832,0.039,3.2861,0.0854,4.6185,-0.2101,0.1353,-0.1957,0.22712,1784,13.51,1.41004,4.607,10.873,14.631,677844,17499,55711,312.292389,22720872,114324248,929307,371232480,16758959
EU,LTU,Lithuania,13325216,0.022732,0.45,0.42,0.17,0.28,0.38,0.3,0.0030042,0.62,0.38,0.08,0.03,0.11,1.15999997,0,0.11,1.33899999,3,3,3,0.8815,1.0481,1.1982,1.24297,-0.0994,-0.0891,-0.1031,-0.0532,-0.7371,-0.8257,-1.1716,-1.1413,0.067,0.0508,0.0832,0.039,3.2861,0.0854,4.6185,-0.2101,0.1353,-0.1957,0.10645,1934,0.15,0.01,3.429,6.009,6.262,172097,45149,68651,229.931442,16247328,34112912,209369,138230752,13836939
EU,LUX,Luxembourg,13325216,0.022732,0.45,0.42,0.17,0.28,0.38,0.3,9.22E-05,0.62,0.38,0.08,0.03,0.11,1.15999997,0,0.11,1.33899999,3,3,3,0.8815,1.0481,1.1982,1.24297,-0.0994,-0.0891,-0.1031,-0.0532,-0.7371,-0.8257,-1.1716,-1.1413,0.067,0.0508,0.0832,0.039,3.2861,0.0854,4.6185,-0.2101,0.1353,-0.1957,0.10645,1934,0.15,0.01,3.429,6.009,6.262,172097,45149,68651,229.931442,16247328,34112912,209369,138230752,13836939
EU,LVA,Latvia,13325216,0.022732,0.45,0.42,0.17,0.28,0.38,0.3,0.001531873,0.62,0.38,0.08,0.03,0.11,1.15999997,0,0.11,1.33899999,3,3,3,0.8815,1.0481,1.1982,1.24297,-0.0994,-0.0891,-0.1031,-0.0532,-0.7371,-0.8257,-1.1716,-1.1413,0.067,0.0508,0.0832,0.039,3.2861,0.0854,4.6185,-0.2101,0.1353,-0.1957,0.10645,1934,0.15,0.01,3.429,6.009,6.262,172097,45149,68651,229.931442,16247328,34112912,209369,138230752,13836939
N_Afr,MAR,Morocco,455774.1875,0.000003,0.26,0.52,0.05,0.21,0.69,0.27,0.007351724,0.93,0.07,0.09,0.19,0.4,1.15999997,0,0.11,1.33899999,3,3,3,0.8815,1.0481,1.1982,1.24297,-0.0994,-0.0891,-0.1031,-0.0532,-0.7371,-0.8257,-1.1716,-1.1413,0.067,0.0508,0.0832,0.039,3.2861,0.0854,4.6185,-0.2101,0.1353,-0.1957,0.29828,1801,3.91,0.44993,4.199,4.602,12.389,108675,7113,8090,139.094025,14082316,63692088,83543,456872896,3808528
SSA,MDG,Madagascar,584719.375,0.000685,0.59,0.92,0.07,0.01,0.34,0.07,0.000426349,0.94,0.06,0.1,0.02,0.19,1.15999997,0,0.56,1.33899999,3,3,3,0.8815,1.0481,1.1982,1.24297,-0.0994,-0.0891,-0.1031,-0.0532,-0.7371,-0.8257,-1.1716,-1.1413,0.067,0.0508,0.0832,0.039,3.2861,0.0854,4.6185,-0.2101,0.1353,-0.1957,0.2764,1709,15.96,2.09783,4.34,5.159,7.576,368938,13278,45449,294.507904,3050183,8775243,138759,90694584,2021048
CC_Amer,MEX,Mexico,1122336.125,0.008658,0.16,0.5,0.31,0.21,0.53,0.29,0.016731707,0.63,0.37,0.19,0.06,0.12,1.15999997,0,0.28,1.33899999,3,3,3,0.8815,1.0481,1.1982,1.24297,-0.0994,-0.0891,-0.1031,-0.0532,-0.7371,-0.8257,-1.1716,-1.1413,0.067,0.0508,0.0832,0.039,3.2861,0.0854,4.6185,-0.2101,0.1353,-0.1957,0.29929,1821,10.11,1.307,4.239,5.06,7.553,78884,16258,22099,402.959137,1729887,14846681,104336,26472432,15311685
SSA,MLI,Mali,584719.375,0.000685,0.59,0.92,0.07,0.01,0.34,0.07,0.000467925,0.94,0.06,0.1,0.02,0.19,1.15999997,0,0.56,1.33899999,3,3,3,0.8815,1.0481,1.1982,1.24297,-0.0994,-0.0891,-0.1031,-0.0532,-0.7371,-0.8257,-1.1716,-1.1413,0.067,0.0508,0.0832,0.039,3.2861,0.0854,4.6185,-0.2101,0.1353,-0.1957,0.2764,1709,15.96,2.09783,4.34,5.159,7.576,368938,13278,45449,294.507904,3050183,8775243,138759,90694584,2021048
C_Asia,MNG,Mongolia,195335.2031,0.000838,0.26,0.84,0.59,0.12,0.15,0.04,2.84E-05,0.9,0.1,0.17,0.08,0.16,1.15999997,0,0.56,1.33899999,3,3,3,0.8815,1.0481,1.1982,1.24297,-0.0994,-0.0891,-0.1031,-0.0532,-0.7371,-0.8257,-1.1716,-1.1413,0.067,0.0508,0.0832,0.039,3.2861,0.0854,4.6185,-0.2101,0.1353,-0.1957,0.21422,1761,14.07,1.37886,3.879,6.153,11.142,41424,3153,2607,36.017937,33459908,116193312,140419,276813440,14709881
SSA,MOZ,Mozambique,584719.375,0.000685,0.59,0.92,0.07,0.01,0.34,0.07,0.000245911,0.94,0.06,0.1,0.02,0.19,1.15999997,0,0.56,1.33899999,3,3,3,0.8815,1.0481,1.1982,1.24297,-0.0994,-0.0891,-0.1031,-0.0532,-0.7371,-0.8257,-1.1716,-1.1413,0.067,0.0508,0.0832,0.039,3.2861,0.0854,4.6185,-0.2101,0.1353,-0.1957,0.2764,1709,15.96,2.09783,4.34,5.159,7.576,368938,13278,45449,294.507904,3050183,8775243,138759,90694584,2021048
S_Afr,MUS,Mauritius,221774.2813,0.000685,0.21,0.41,0.21,0.26,0.58,0.33,5.52E-05,0.54,0.46,0.06,0.02,0.1,1.15999997,0,0.28,1.33899999,3,3,3,0.8815,1.0481,1.1982,1.24297,-0.0994,-0.0891,-0.1031,-0.0532,-0.7371,-0.8257,-1.1716,-1.1413,0.067,0.0508,0.0832,0.039,3.2861,0.0854,4.6185,-0.2101,0.1353,-0.1957,0.25826,1850,7.68,0.80066,5.833,4.978,6.136,18904,4553,8115,107.244705,5522569,39092792,44765,102016576,4291167
SSA,MWI,Malawi,584719.375,0.000685,0.59,0.92,0.07,0.01,0.34,0.07,0.000585207,0.94,0.06,0.1,0.02,0.19,1.15999997,0,0.56,1.33899999,3,3,3,0.8815,1.0481,1.1982,1.24297,-0.0994,-0.0891,-0.1031,-0.0532,-0.7371,-0.8257,-1.1716,-1.1413,0.067,0.0508,0.0832,0.039,3.2861,0.0854,4.6185,-0.2101,0.1353,-0.1957,0.2764,1709,15.96,2.09783,4.34,5.159,7.576,368938,13278,45449,294.507904,3050183,8775243,138759,90694584,2021048
SE_Asia,MYS,Malaysia,1412753,0.001296,0.41,0.25,0.15,0.21,0.44,0.54,0.007104061,0.91,0.09,0.35,0.05,0.34,1.15999997,0,0.28,1.33899999,3,3,3,0.8815,1.0481,1.1982,1.24297,-0.0994,-0.0891,-0.1031,-0.0532,-0.7371,-0.8257,-1.1716,-1.1413,0.067,0.0508,0.0832,0.039,3.2861,0.0854,4.6185,-0.2101,0.1353,-0.1957,0.28552,1789,9.63,1.14245,4.326,6.065,10.008,297440,27252,31097,672.622864,2950540,22034388,8258,52656432,4048035
S_Afr,NAM,Namibia,221774.2813,0.000685,0.21,0.41,0.21,0.26,0.58,0.33,6.07908E-05,0.54,0.46,0.06,0.02,0.1,1.15999997,0,0.28,1.33899999,3,3,3,0.8815,1.0481,1.1982,1.24297,-0.0994,-0.0891,-0.1031,-0.0532,-0.7371,-0.8257,-1.1716,-1.1413,0.067,0.0508,0.0832,0.039,3.2861,0.0854,4.6185,-0.2101,0.1353,-0.1957,0.25826,1850,7.68,0.80066,5.833,4.978,6.136,18904,4553,8115,107.244705,5522569,39092792,44765,102016576,4291167
SSA,NER,Niger,584719.375,0.000685,0.59,0.92,0.07,0.01,0.34,0.07,0.000405594,0.94,0.06,0.1,0.02,0.19,1.15999997,0,0.56,1.33899999,3,3,3,0.8815,1.0481,1.1982,1.24297,-0.0994,-0.0891,-0.1031,-0.0532,-0.7371,-0.8257,-1.1716,-1.1413,0.067,0.0508,0.0832,0.039,3.2861,0.0854,4.6185,-0.2101,0.1353,-0.1957,0.2764,1709,15.96,2.09783,4.34,5.159,7.576,368938,13278,45449,294.507904,3050183,8775243,138759,90694584,2021048
SSA,NGA,Nigeria,584719.375,0.000685,0.59,0.92,0.07,0.01,0.34,0.07,0.00686519,0.94,0.06,0.1,0.02,0.19,1.15999997,0,0.56,1.33899999,3,3,3,0.8815,1.0481,1.1982,1.24297,-0.0994,-0.0891,-0.1031,-0.0532,-0.7371,-0.8257,-1.1716,-1.1413,0.067,0.0508,0.0832,0.039,3.2861,0.0854,4.6185,-0.2101,0.1353,-0.1957,0.2764,1709,15.96,2.09783,4.34,5.159,7.576,368938,13278,45449,294.507904,3050183,8775243,138759,90694584,2021048
CC_Amer,NIC,Nicaragua,1122336.125,0.008658,0.16,0.5,0.31,0.21,0.53,0.29,0.000757767,0.63,0.37,0.19,0.06,0.12,1.15999997,0,0.28,1.33899999,3,3,3,0.8815,1.0481,1.1982,1.24297,-0.0994,-0.0891,-0.1031,-0.0532,-0.7371,-0.8257,-1.1716,-1.1413,0.067,0.0508,0.0832,0.039,3.2861,0.0854,4.6185,-0.2101,0.1353,-0.1957,0.29929,1821,10.11,1.307,4.239,5.06,7.553,78884,16258,22099,402.959137,1729887,14846681,104336,26472432,15311685
EU,NLD,Netherlands,13325216,0.022732,0.45,0.42,0.17,0.28,0.38,0.3,0.008205512,0.62,0.38,0.08,0.03,0.11,1.15999997,0,0.11,1.33899999,3,3,3,0.8815,1.0481,1.1982,1.24297,-0.0994,-0.0891,-0.1031,-0.0532,-0.7371,-0.8257,-1.1716,-1.1413,0.067,0.0508,0.0832,0.039,3.2861,0.0854,4.6185,-0.2101,0.1353,-0.1957,0.10645,1934,0.15,0.01,3.429,6.009,6.262,172097,45149,68651,229.931442,16247328,34112912,209369,138230752,13836939
EU,NOR,Norway,13325216,0.022732,0.45,0.42,0.17,0.28,0.38,0.3,0.000698995,0.62,0.38,0.08,0.03,0.11,1.15999997,0,0.11,1.33899999,3,3,3,0.8815,1.0481,1.1982,1.24297,-0.0994,-0.0891,-0.1031,-0.0532,-0.7371,-0.8257,-1.1716,-1.1413,0.067,0.0508,0.0832,0.039,3.2861,0.0854,4.6185,-0.2101,0.1353,-0.1957,0.10645,1934,0.15,0.01,3.429,6.009,6.262,172097,45149,68651,229.931442,16247328,34112912,209369,138230752,13836939
S_Asia,NPL,Nepal,1310297.25,0.000652,0.61,0.48,0.21,0.15,0.18,0.37,0.000625364,0.96,0.04,0.29,0.11,0.46,1.15999997,0,0.28,1.33899999,3,3,3,0.8815,1.0481,1.1982,1.24297,-0.0994,-0.0891,-0.1031,-0.0532,-0.7371,-0.8257,-1.1716,-1.1413,0.067,0.0508,0.0832,0.039,3.2861,0.0854,4.6185,-0.2101,0.1353,-0.1957,0.22712,1784,13.51,1.41004,4.607,10.873,14.631,677844,17499,55711,312.292389,22720872,114324248,929307,371232480,16758959
AUS_NZ,NZL,New Zealand,1094684.125,0.033264,0.42,0.32,0.15,0.29,0.43,0.39,0.000467688,0.49,0.51,0.12,0.03,0.06,1.15999997,0,0.56,1.33899999,3,3,3,0.8815,1.0481,1.1982,1.24297,-0.0994,-0.0891,-0.1031,-0.0532,-0.7371,-0.8257,-1.1716,-1.1413,0.067,0.0508,0.0832,0.039,3.2861,0.0854,4.6185,-0.2101,0.1353,-0.1957,0.10645,1911,0.01,0.01,3.425,4.953,6.372,9707,3875,5368,155.52597,40321512,257942080,225594,404099296,134637152
M_East,OMN,Oman,2064053.75,0.000003,0.45,0.72,0.15,0.15,0.4,0.13,0.000638025,0.92,0.08,0.08,0.08,0.2,1.15999997,0,0.11,1.33899999,3,3,3,0.8815,1.0481,1.1982,1.24297,-0.0994,-0.0891,-0.1031,-0.0532,-0.7371,-0.8257,-1.1716,-1.1413,0.067,0.0508,0.0832,0.039,3.2861,0.0854,4.6185,-0.2101,0.1353,-0.1957,0.27233,1823,5.33,0.6035,3.983,4.844,13.129,151872,15039,16289,104.192741,24941752,79721224,88888,231671488,299854720
S_Asia,PAK,Pakistan,1310297.25,0.000652,0.61,0.48,0.21,0.15,0.18,0.37,0.002138459,0.96,0.04,0.29,0.11,0.46,1.15999997,0,0.28,1.33899999,3,3,3,0.8815,1.0481,1.1982,1.24297,-0.0994,-0.0891,-0.1031,-0.0532,-0.7371,-0.8257,-1.1716,-1.1413,0.067,0.0508,0.0832,0.039,3.2861,0.0854,4.6185,-0.2101,0.1353,-0.1957,0.22712,1784,13.51,1.41004,4.607,10.873,14.631,677844,17499,55711,312.292389,22720872,114324248,929307,371232480,16758959
CC_Amer,PAN,Panama,1122336.125,0.008658,0.16,0.5,0.31,0.21,0.53,0.29,0.000302755,0.63,0.37,0.19,0.06,0.12,1.15999997,0,0.28,1.33899999,3,3,3,0.8815,1.0481,1.1982,1.24297,-0.0994,-0.0891,-0.1031,-0.0532,-0.7371,-0.8257,-1.1716,-1.1413,0.067,0.0508,0.0832,0.039,3.2861,0.0854,4.6185,-0.2101,0.1353,-0.1957,0.29929,1821,10.11,1.307,4.239,5.06,7.553,78884,16258,22099,402.959137,1729887,14846681,104336,26472432,15311685
S_Amer,PER,Peru,1465264.25,0.004474,0.3,0.38,0.18,0.26,0.52,0.36,0.002475203,0.7,0.3,0.19,0.04,0.2,1.15999997,0,0.56,1.33899999,3,3,3,0.8815,1.0481,1.1982,1.24297,-0.0994,-0.0891,-0.1031,-0.0532,-0.7371,-0.8257,-1.1716,-1.1413,0.067,0.0508,0.0832,0.039,3.2861,0.0854,4.6185,-0.2101,0.1353,-0.1957,0.26601,1823,9.54,1.06157,3.845,5.197,7.075,82283,16928,23426,241.723068,4254835,25464924,18616,37996372,3975350
SE_Asia,PHL,Philippines,1412753,0.001296,0.41,0.25,0.15,0.21,0.44,0.54,0.007690505,0.91,0.09,0.35,0.05,0.34,1.15999997,0,0.28,1.33899999,3,3,3,0.8815,1.0481,1.1982,1.24297,-0.0994,-0.0891,-0.1031,-0.0532,-0.7371,-0.8257,-1.1716,-1.1413,0.067,0.0508,0.0832,0.039,3.2861,0.0854,4.6185,-0.2101,0.1353,-0.1957,0.28552,1789,9.63,1.14245,4.326,6.065,10.008,297440,27252,31097,672.622864,2950540,22034388,8258,52656432,4048035
EU,POL,Poland,13325216,0.022732,0.45,0.42,0.17,0.28,0.38,0.3,0.022095147,0.62,0.38,0.08,0.03,0.11,1.15999997,0,0.11,1.33899999,3,3,3,0.8815,1.0481,1.1982,1.24297,-0.0994,-0.0891,-0.1031,-0.0532,-0.7371,-0.8257,-1.1716,-1.1413,0.067,0.0508,0.0832,0.039,3.2861,0.0854,4.6185,-0.2101,0.1353,-0.1957,0.10645,1934,0.15,0.01,3.429,6.009,6.262,172097,45149,68651,229.931442,16247328,34112912,209369,138230752,13836939
CC_Amer,PRI,Puerto Rico,1122336.125,0.008658,0.16,0.5,0.31,0.21,0.53,0.29,5.81E-05,0.63,0.37,0.19,0.06,0.12,1.15999997,0,0.28,1.33899999,3,3,3,0.8815,1.0481,1.1982,1.24297,-0.0994,-0.0891,-0.1031,-0.0532,-0.7371,-0.8257,-1.1716,-1.1413,0.067,0.0508,0.0832,0.039,3.2861,0.0854,4.6185,-0.2101,0.1353,-0.1957,0.29929,1821,10.11,1.307,4.239,5.06,7.553,78884,16258,22099,402.959137,1729887,14846681,104336,26472432,15311685
EU,PRT,Portugal,13325216,0.022732,0.45,0.42,0.17,0.28,0.38,0.3,0.006763906,0.62,0.38,0.08,0.03,0.11,1.15999997,0,0.11,1.33899999,3,3,3,0.8815,1.0481,1.1982,1.24297,-0.0994,-0.0891,-0.1031,-0.0532,-0.7371,-0.8257,-1.1716,-1.1413,0.067,0.0508,0.0832,0.039,3.2861,0.0854,4.6185,-0.2101,0.1353,-0.1957,0.10645,1934,0.15,0.01,3.429,6.009,6.262,172097,45149,68651,229.931442,16247328,34112912,209369,138230752,13836939
S_Amer,PRY,Paraguay,1465264.25,0.004474,0.3,0.38,0.18,0.26,0.52,0.36,0.001466422,0.7,0.3,0.19,0.04,0.2,1.15999997,0,0.56,1.33899999,3,3,3,0.8815,1.0481,1.1982,1.24297,-0.0994,-0.0891,-0.1031,-0.0532,-0.7371,-0.8257,-1.1716,-1.1413,0.067,0.0508,0.0832,0.039,3.2861,0.0854,4.6185,-0.2101,0.1353,-0.1957,0.26601,1823,9.54,1.06157,3.845,5.197,7.075,82283,16928,23426,241.723068,4254835,25464924,18616,37996372,3975350
M_East,PSE,State of Palestine,2064053.75,0.000003,0.45,0.72,0.15,0.15,0.4,0.13,0.000316238,0.92,0.08,0.08,0.08,0.2,1.15999997,0,0.11,1.33899999,3,3,3,0.8815,1.0481,1.1982,1.24297,-0.0994,-0.0891,-0.1031,-0.0532,-0.7371,-0.8257,-1.1716,-1.1413,0.067,0.0508,0.0832,0.039,3.2861,0.0854,4.6185,-0.2101,0.1353,-0.1957,0.27233,1823,5.33,0.6035,3.983,4.844,13.129,151872,15039,16289,104.192741,24941752,79721224,88888,231671488,299854720
M_East,QAT,Qatar,2064053.75,0.000003,0.45,0.72,0.15,0.15,0.4,0.13,4.99E-05,0.92,0.08,0.08,0.08,0.2,1.15999997,0,0.11,1.33899999,3,3,3,0.8815,1.0481,1.1982,1.24297,-0.0994,-0.0891,-0.1031,-0.0532,-0.7371,-0.8257,-1.1716,-1.1413,0.067,0.0508,0.0832,0.039,3.2861,0.0854,4.6185,-0.2101,0.1353,-0.1957,0.27233,1823,5.33,0.6035,3.983,4.844,13.129,151872,15039,16289,104.192741,24941752,79721224,88888,231671488,299854720
E_Euro,ROU,Romania,1455203.75,0.000002,0.34,0.49,0.31,0.26,0.35,0.25,0.003068012,0.8,0.2,0.18,0.07,0.18,1.15999997,0,0.56,1.33899999,3,3,3,0.8815,1.0481,1.1982,1.24297,-0.0994,-0.0891,-0.1031,-0.0532,-0.7371,-0.8257,-1.1716,-1.1413,0.067,0.0508,0.0832,0.039,3.2861,0.0854,4.6185,-0.2101,0.1353,-0.1957,0.17725,1894,0.91,0.0586,3.515,5.377,5.921,129387,24978,39917,122.933975,3477411,18005616,36736,202187456,3863447
E_Euro,RUS,Russian Federation,1455203.75,0.000002,0.34,0.49,0.31,0.26,0.35,0.25,0.015067672,0.8,0.2,0.18,0.07,0.18,1.15999997,0,0.56,1.33899999,3,3,3,0.8815,1.0481,1.1982,1.24297,-0.0994,-0.0891,-0.1031,-0.0532,-0.7371,-0.8257,-1.1716,-1.1413,0.067,0.0508,0.0832,0.039,3.2861,0.0854,4.6185,-0.2101,0.1353,-0.1957,0.17725,1894,0.91,0.0586,3.515,5.377,5.921,129387,24978,39917,122.933975,3477411,18005616,36736,202187456,3863447
SSA,RWA,Rwanda,584719.375,0.000685,0.59,0.92,0.07,0.01,0.34,0.07,0.000227743,0.94,0.06,0.1,0.02,0.19,1.15999997,0,0.56,1.33899999,3,3,3,0.8815,1.0481,1.1982,1.24297,-0.0994,-0.0891,-0.1031,-0.0532,-0.7371,-0.8257,-1.1716,-1.1413,0.067,0.0508,0.0832,0.039,3.2861,0.0854,4.6185,-0.2101,0.1353,-0.1957,0.2764,1709,15.96,2.09783,4.34,5.159,7.576,368938,13278,45449,294.507904,3050183,8775243,138759,90694584,2021048
M_East,SAU,Saudi Arabia,2064053.75,0.000003,0.45,0.72,0.15,0.15,0.4,0.13,0.002309423,0.92,0.08,0.08,0.08,0.2,1.15999997,0,0.11,1.33899999,3,3,3,0.8815,1.0481,1.1982,1.24297,-0.0994,-0.0891,-0.1031,-0.0532,-0.7371,-0.8257,-1.1716,-1.1413,0.067,0.0508,0.0832,0.039,3.2861,0.0854,4.6185,-0.2101,0.1353,-0.1957,0.27233,1823,5.33,0.6035,3.983,4.844,13.129,151872,15039,16289,104.192741,24941752,79721224,88888,231671488,299854720
SSA,SDN,Sudan,584719.375,0.000685,0.59,0.92,0.07,0.01,0.34,0.07,0.000646579,0.94,0.06,0.1,0.02,0.19,1.15999997,0,0.56,1.33899999,3,3,3,0.8815,1.0481,1.1982,1.24297,-0.0994,-0.0891,-0.1031,-0.0532,-0.7371,-0.8257,-1.1716,-1.1413,0.067,0.0508,0.0832,0.039,3.2861,0.0854,4.6185,-0.2101,0.1353,-0.1957,0.2764,1709,15.96,2.09783,4.34,5.159,7.576,368938,13278,45449,294.507904,3050183,8775243,138759,90694584,2021048
SSA,SEN,Senegal,584719.375,0.000685,0.59,0.92,0.07,0.01,0.34,0.07,0.000256545,0.94,0.06,0.1,0.02,0.19,1.15999997,0,0.56,1.33899999,3,3,3,0.8815,1.0481,1.1982,1.24297,-0.0994,-0.0891,-0.1031,-0.0532,-0.7371,-0.8257,-1.1716,-1.1413,0.067,0.0508,0.0832,0.039,3.2861,0.0854,4.6185,-0.2101,0.1353,-0.1957,0.2764,1709,15.96,2.09783,4.34,5.159,7.576,368938,13278,45449,294.507904,3050183,8775243,138759,90694584,2021048
CC_Amer,SLV,El Salvador,1122336.125,0.008658,0.16,0.5,0.31,0.21,0.53,0.29,0.000463451,0.63,0.37,0.19,0.06,0.12,1.15999997,0,0.28,1.33899999,3,3,3,0.8815,1.0481,1.1982,1.24297,-0.0994,-0.0891,-0.1031,-0.0532,-0.7371,-0.8257,-1.1716,-1.1413,0.067,0.0508,0.0832,0.039,3.2861,0.0854,4.6185,-0.2101,0.1353,-0.1957,0.29929,1821,10.11,1.307,4.239,5.06,7.553,78884,16258,22099,402.959137,1729887,14846681,104336,26472432,15311685
E_Euro,SRB,Serbia,1455203.75,0.000002,0.34,0.49,0.31,0.26,0.35,0.25,0.001439123,0.8,0.2,0.18,0.07,0.18,1.15999997,0,0.56,1.33899999,3,3,3,0.8815,1.0481,1.1982,1.24297,-0.0994,-0.0891,-0.1031,-0.0532,-0.7371,-0.8257,-1.1716,-1.1413,0.067,0.0508,0.0832,0.039,3.2861,0.0854,4.6185,-0.2101,0.1353,-0.1957,0.17725,1894,0.91,0.0586,3.515,5.377,5.921,129387,24978,39917,122.933975,3477411,18005616,36736,202187456,3863447
EU,SVK,Slovakia,13325216,0.022732,0.45,0.42,0.17,0.28,0.38,0.3,0.001976757,0.62,0.38,0.08,0.03,0.11,1.15999997,0,0.11,1.33899999,3,3,3,0.8815,1.0481,1.1982,1.24297,-0.0994,-0.0891,-0.1031,-0.0532,-0.7371,-0.8257,-1.1716,-1.1413,0.067,0.0508,0.0832,0.039,3.2861,0.0854,4.6185,-0.2101,0.1353,-0.1957,0.10645,1934,0.15,0.01,3.429,6.009,6.262,172097,45149,68651,229.931442,16247328,34112912,209369,138230752,13836939
E_Euro,SVN,Slovenia,1455203.75,0.000002,0.34,0.49,0.31,0.26,0.35,0.25,0.000138231,0.8,0.2,0.18,0.07,0.18,1.15999997,0,0.56,1.33899999,3,3,3,0.8815,1.0481,1.1982,1.24297,-0.0994,-0.0891,-0.1031,-0.0532,-0.7371,-0.8257,-1.1716,-1.1413,0.067,0.0508,0.0832,0.039,3.2861,0.0854,4.6185,-0.2101,0.1353,-0.1957,0.17725,1894,0.91,0.0586,3.515,5.377,5.921,129387,24978,39917,122.933975,3477411,18005616,36736,202187456,3863447
EU,SWE,Sweden,13325216,0.022732,0.45,0.42,0.17,0.28,0.38,0.3,0.002871834,0.62,0.38,0.08,0.03,0.11,1.15999997,0,0.11,1.33899999,3,3,3,0.8815,1.0481,1.1982,1.24297,-0.0994,-0.0891,-0.1031,-0.0532,-0.7371,-0.8257,-1.1716,-1.1413,0.067,0.0508,0.0832,0.039,3.2861,0.0854,4.6185,-0.2101,0.1353,-0.1957,0.10645,1934,0.15,0.01,3.429,6.009,6.262,172097,45149,68651,229.931442,16247328,34112912,209369,138230752,13836939
S_Afr,SWZ,Eswatini,221774.2813,0.000685,0.21,0.41,0.21,0.26,0.58,0.33,8.96526E-05,0.54,0.46,0.06,0.02,0.1,1.15999997,0,0.28,1.33899999,3,3,3,0.8815,1.0481,1.1982,1.24297,-0.0994,-0.0891,-0.1031,-0.0532,-0.7371,-0.8257,-1.1716,-1.1413,0.067,0.0508,0.0832,0.039,3.2861,0.0854,4.6185,-0.2101,0.1353,-0.1957,0.25826,1850,7.68,0.80066,5.833,4.978,6.136,18904,4553,8115,107.244705,5522569,39092792,44765,102016576,4291167
M_East,SYR,Syria,2064053.75,0.000003,0.45,0.72,0.15,0.15,0.4,0.13,0.004364047,0.92,0.08,0.08,0.08,0.2,1.15999997,0,0.11,1.33899999,3,3,3,0.8815,1.0481,1.1982,1.24297,-0.0994,-0.0891,-0.1031,-0.0532,-0.7371,-0.8257,-1.1716,-1.1413,0.067,0.0508,0.0832,0.039,3.2861,0.0854,4.6185,-0.2101,0.1353,-0.1957,0.27233,1823,5.33,0.6035,3.983,4.844,13.129,151872,15039,16289,104.192741,24941752,79721224,88888,231671488,299854720
SSA,TCD,Chad,584719.375,0.000685,0.59,0.92,0.07,0.01,0.34,0.07,0.00020739,0.94,0.06,0.1,0.02,0.19,1.15999997,0,0.56,1.33899999,3,3,3,0.8815,1.0481,1.1982,1.24297,-0.0994,-0.0891,-0.1031,-0.0532,-0.7371,-0.8257,-1.1716,-1.1413,0.067,0.0508,0.0832,0.039,3.2861,0.0854,4.6185,-0.2101,0.1353,-0.1957,0.2764,1709,15.96,2.09783,4.34,5.159,7.576,368938,13278,45449,294.507904,3050183,8775243,138759,90694584,2021048
SSA,TGO,Togo,584719.375,0.000685,0.59,0.92,0.07,0.01,0.34,0.07,0.000135005,0.94,0.06,0.1,0.02,0.19,1.15999997,0,0.56,1.33899999,3,3,3,0.8815,1.0481,1.1982,1.24297,-0.0994,-0.0891,-0.1031,-0.0532,-0.7371,-0.8257,-1.1716,-1.1413,0.067,0.0508,0.0832,0.039,3.2861,0.0854,4.6185,-0.2101,0.1353,-0.1957,0.2764,1709,15.96,2.09783,4.34,5.159,7.576,368938,13278,45449,294.507904,3050183,8775243,138759,90694584,2021048
SE_Asia,THA,Thailand,1412753,0.001296,0.41,0.25,0.15,0.21,0.44,0.54,0.009863639,0.91,0.09,0.35,0.05,0.34,1.15999997,0,0.28,1.33899999,3,3,3,0.8815,1.0481,1.1982,1.24297,-0.0994,-0.0891,-0.1031,-0.0532,-0.7371,-0.8257,-1.1716,-1.1413,0.067,0.0508,0.0832,0.039,3.2861,0.0854,4.6185,-0.2101,0.1353,-0.1957,0.28552,1789,9.63,1.14245,4.326,6.065,10.008,297440,27252,31097,672.622864,2950540,22034388,8258,52656432,4048035
C_Asia,TJK,Tajikistan,195335.2031,0.000838,0.26,0.84,0.59,0.12,0.15,0.04,0.000380483,0.9,0.1,0.17,0.08,0.16,1.15999997,0,0.56,1.33899999,3,3,3,0.8815,1.0481,1.1982,1.24297,-0.0994,-0.0891,-0.1031,-0.0532,-0.7371,-0.8257,-1.1716,-1.1413,0.067,0.0508,0.0832,0.039,3.2861,0.0854,4.6185,-0.2101,0.1353,-0.1957,0.21422,1761,14.07,1.37886,3.879,6.153,11.142,41424,3153,2607,36.017937,33459908,116193312,140419,276813440,14709881
S_Amer,TTO,Trinidad and Tobago,1465264.25,0.004474,0.3,0.38,0.18,0.26,0.52,0.36,1.30E-05,0.7,0.3,0.19,0.04,0.2,1.15999997,0,0.56,1.33899999,3,3,3,0.8815,1.0481,1.1982,1.24297,-0.0994,-0.0891,-0.1031,-0.0532,-0.7371,-0.8257,-1.1716,-1.1413,0.067,0.0508,0.0832,0.039,3.2861,0.0854,4.6185,-0.2101,0.1353,-0.1957,0.26601,1823,9.54,1.06157,3.845,5.197,7.075,82283,16928,23426,241.723068,4254835,25464924,18616,37996372,3975350
N_Afr,TUN,Tunisia,455774.1875,0.000003,0.26,0.52,0.05,0.21,0.69,0.27,0.004161156,0.93,0.07,0.09,0.19,0.4,1.15999997,0,0.11,1.33899999,3,3,3,0.8815,1.0481,1.1982,1.24297,-0.0994,-0.0891,-0.1031,-0.0532,-0.7371,-0.8257,-1.1716,-1.1413,0.067,0.0508,0.0832,0.039,3.2861,0.0854,4.6185,-0.2101,0.1353,-0.1957,0.29828,1801,3.91,0.44993,4.199,4.602,12.389,108675,7113,8090,139.094025,14082316,63692088,83543,456872896,3808528
M_East,TUR,Turkey,2064053.75,0.000003,0.45,0.72,0.15,0.15,0.4,0.13,0.039509234,0.92,0.08,0.08,0.08,0.2,1.15999997,0,0.11,1.33899999,3,3,3,0.8815,1.0481,1.1982,1.24297,-0.0994,-0.0891,-0.1031,-0.0532,-0.7371,-0.8257,-1.1716,-1.1413,0.067,0.0508,0.0832,0.039,3.2861,0.0854,4.6185,-0.2101,0.1353,-0.1957,0.27233,1823,5.33,0.6035,3.983,4.844,13.129,151872,15039,16289,104.192741,24941752,79721224,88888,231671488,299854720
SSA,TZA,Tanzania,584719.375,0.000685,0.59,0.92,0.07,0.01,0.34,0.07,0.001301117,0.94,0.06,0.1,0.02,0.19,1.15999997,0,0.56,1.33899999,3,3,3,0.8815,1.0481,1.1982,1.24297,-0.0994,-0.0891,-0.1031,-0.0532,-0.7371,-0.8257,-1.1716,-1.1413,0.067,0.0508,0.0832,0.039,3.2861,0.0854,4.6185,-0.2101,0.1353,-0.1957,0.2764,1709,15.96,2.09783,4.34,5.159,7.576,368938,13278,45449,294.507904,3050183,8775243,138759,90694584,2021048
SSA,UGA,Uganda,584719.375,0.000685,0.59,0.92,0.07,0.01,0.34,0.07,0.000625423,0.94,0.06,0.1,0.02,0.19,1.15999997,0,0.56,1.33899999,3,3,3,0.8815,1.0481,1.1982,1.24297,-0.0994,-0.0891,-0.1031,-0.0532,-0.7371,-0.8257,-1.1716,-1.1413,0.067,0.0508,0.0832,0.039,3.2861,0.0854,4.6185,-0.2101,0.1353,-0.1957,0.2764,1709,15.96,2.09783,4.34,5.159,7.576,368938,13278,45449,294.507904,3050183,8775243,138759,90694584,2021048
E_Euro,UKR,Ukraine,1455203.75,0.000002,0.34,0.49,0.31,0.26,0.35,0.25,0.010237294,0.8,0.2,0.18,0.07,0.18,1.15999997,0,0.56,1.33899999,3,3,3,0.8815,1.0481,1.1982,1.24297,-0.0994,-0.0891,-0.1031,-0.0532,-0.7371,-0.8257,-1.1716,-1.1413,0.067,0.0508,0.0832,0.039,3.2861,0.0854,4.6185,-0.2101,0.1353,-0.1957,0.17725,1894,0.91,0.0586,3.515,5.377,5.921,129387,24978,39917,122.933975,3477411,18005616,36736,202187456,3863447
S_Amer,URY,Uruguay,1465264.25,0.004474,0.3,0.38,0.18,0.26,0.52,0.36,0.000592987,0.7,0.3,0.19,0.04,0.2,1.15999997,0,0.56,1.33899999,3,3,3,0.8815,1.0481,1.1982,1.24297,-0.0994,-0.0891,-0.1031,-0.0532,-0.7371,-0.8257,-1.1716,-1.1413,0.067,0.0508,0.0832,0.039,3.2861,0.0854,4.6185,-0.2101,0.1353,-0.1957,0.26601,1823,9.54,1.06157,3.845,5.197,7.075,82283,16928,23426,241.723068,4254835,25464924,18616,37996372,3975350
US,USA,United States of America,13615085,0.338842,0.51,0.32,0.1,0.41,0.39,0.27,0.074423,0.64,0.36,0.15,0.05,0.09,1.15999997,0,0.28,1.33899999,3,3,3,0.8815,1.0481,1.1982,1.24297,-0.0994,-0.0891,-0.1031,-0.0532,-0.7371,-0.8257,-1.1716,-1.1413,0.067,0.0508,0.0832,0.039,3.2861,0.0854,4.6185,-0.2101,0.1353,-0.1957,0.10645,1952,0.01,0.01,3.13,4.298,8.155,125483,45837,60791,154.183289,11346375,42135916,55730,339024896,15705697
C_Asia,UZB,Uzbekistan,195335.2031,0.000838,0.26,0.84,0.59,0.12,0.15,0.04,0.002279892,0.9,0.1,0.17,0.08,0.16,1.15999997,0,0.56,1.33899999,3,3,3,0.8815,1.0481,1.1982,1.24297,-0.0994,-0.0891,-0.1031,-0.0532,-0.7371,-0.8257,-1.1716,-1.1413,0.067,0.0508,0.0832,0.039,3.2861,0.0854,4.6185,-0.2101,0.1353,-0.1957,0.21422,1761,14.07,1.37886,3.879,6.153,11.142,41424,3153,2607,36.017937,33459908,116193312,140419,276813440,14709881
S_Amer,VEN,Venezuela,1465264.25,0.004474,0.3,0.38,0.18,0.26,0.52,0.36,0.000889944,0.7,0.3,0.19,0.04,0.2,1.15999997,0,0.56,1.33899999,3,3,3,0.8815,1.0481,1.1982,1.24297,-0.0994,-0.0891,-0.1031,-0.0532,-0.7371,-0.8257,-1.1716,-1.1413,0.067,0.0508,0.0832,0.039,3.2861,0.0854,4.6185,-0.2101,0.1353,-0.1957,0.26601,1823,9.54,1.06157,3.845,5.197,7.075,82283,16928,23426,241.723068,4254835,25464924,18616,37996372,3975350
SE_Asia,VNM,Viet Nam,1412753,0.001296,0.41,0.25,0.15,0.21,0.44,0.54,0.01067231,0.91,0.09,0.35,0.05,0.34,1.15999997,0,0.28,1.33899999,3,3,3,0.8815,1.0481,1.1982,1.24297,-0.0994,-0.0891,-0.1031,-0.0532,-0.7371,-0.8257,-1.1716,-1.1413,0.067,0.0508,0.0832,0.039,3.2861,0.0854,4.6185,-0.2101,0.1353,-0.1957,0.28552,1789,9.63,1.14245,4.326,6.065,10.008,297440,27252,31097,672.622864,2950540,22034388,8258,52656432,4048035
SSA,XAC,Rest of South and Central Africa,584719.375,0.000685,0.59,0.92,0.07,0.01,0.34,0.07,0.00049666,0.94,0.06,0.1,0.02,0.19,1.15999997,0,0.56,1.33899999,3,3,3,0.8815,1.0481,1.1982,1.24297,-0.0994,-0.0891,-0.1031,-0.0532,-0.7371,-0.8257,-1.1716,-1.1413,0.067,0.0508,0.0832,0.039,3.2861,0.0854,4.6185,-0.2101,0.1353,-0.1957,0.2764,1709,15.96,2.09783,4.34,5.159,7.576,368938,13278,45449,294.507904,3050183,8775243,138759,90694584,2021048
CC_Amer,XCA,Rest of Central America,1122336.125,0.008658,0.16,0.5,0.31,0.21,0.53,0.29,1.10E-04,0.63,0.37,0.19,0.06,0.12,1.15999997,0,0.28,1.33899999,3,3,3,0.8815,1.0481,1.1982,1.24297,-0.0994,-0.0891,-0.1031,-0.0532,-0.7371,-0.8257,-1.1716,-1.1413,0.067,0.0508,0.0832,0.039,3.2861,0.0854,4.6185,-0.2101,0.1353,-0.1957,0.29929,1821,10.11,1.307,4.239,5.06,7.553,78884,16258,22099,402.959137,1729887,14846681,104336,26472432,15311685
CC_Amer,XCB,Caribbean,1122336.125,0.008658,0.16,0.5,0.31,0.21,0.53,0.29,0.002787622,0.63,0.37,0.19,0.06,0.12,1.15999997,0,0.28,1.33899999,3,3,3,0.8815,1.0481,1.1982,1.24297,-0.0994,-0.0891,-0.1031,-0.0532,-0.7371,-0.8257,-1.1716,-1.1413,0.067,0.0508,0.0832,0.039,3.2861,0.0854,4.6185,-0.2101,0.1353,-0.1957,0.29929,1821,10.11,1.307,4.239,5.06,7.553,78884,16258,22099,402.959137,1729887,14846681,104336,26472432,15311685
JPN_KR,XEA,Rest of East Asia,4134109,0.00059,0.21,0.4,0.12,0.2,0.67,0.4,0.015326168,0.98,0.02,0.16,0.02,0.18,1.15999997,0,0.11,1.33899999,3,3,3,0.8815,1.0481,1.1982,1.24297,-0.0994,-0.0891,-0.1031,-0.0532,-0.7371,-0.8257,-1.1716,-1.1413,0.067,0.0508,0.0832,0.039,3.2861,0.0854,4.6185,-0.2101,0.1353,-0.1957,0.10645,1869,0.01,0.01,4.23,4.487,8.271,63056,13779,17634,284.797485,14662682,19454488,91085,772198912,35158116
SSA,XEC,Rest of Eastern Africa,584719.375,0.000685,0.59,0.92,0.07,0.01,0.34,0.07,0.000326455,0.94,0.06,0.1,0.02,0.19,1.15999997,0,0.56,1.33899999,3,3,3,0.8815,1.0481,1.1982,1.24297,-0.0994,-0.0891,-0.1031,-0.0532,-0.7371,-0.8257,-1.1716,-1.1413,0.067,0.0508,0.0832,0.039,3.2861,0.0854,4.6185,-0.2101,0.1353,-0.1957,0.2764,1709,15.96,2.09783,4.34,5.159,7.576,368938,13278,45449,294.507904,3050183,8775243,138759,90694584,2021048
E_Euro,XEE,Rest of Eastern Europe,1455203.75,0.000002,0.34,0.49,0.31,0.26,0.35,0.25,0.000590348,0.8,0.2,0.18,0.07,0.18,1.15999997,0,0.56,1.33899999,3,3,3,0.8815,1.0481,1.1982,1.24297,-0.0994,-0.0891,-0.1031,-0.0532,-0.7371,-0.8257,-1.1716,-1.1413,0.067,0.0508,0.0832,0.039,3.2861,0.0854,4.6185,-0.2101,0.1353,-0.1957,0.17725,1894,0.91,0.0586,3.515,5.377,5.921,129387,24978,39917,122.933975,3477411,18005616,36736,202187456,3863447
EU,XEF,Rest of EFTA,13325216,0.022732,0.45,0.42,0.17,0.28,0.38,0.3,8.72E-06,0.62,0.38,0.08,0.03,0.11,1.15999997,0,0.11,1.33899999,3,3,3,0.8815,1.0481,1.1982,1.24297,-0.0994,-0.0891,-0.1031,-0.0532,-0.7371,-0.8257,-1.1716,-1.1413,0.067,0.0508,0.0832,0.039,3.2861,0.0854,4.6185,-0.2101,0.1353,-0.1957,0.10645,1934,0.15,0.01,3.429,6.009,6.262,172097,45149,68651,229.931442,16247328,34112912,209369,138230752,13836939
EU,XER,Rest of Europe,13325216,0.022732,0.45,0.42,0.17,0.28,0.38,0.3,0.003559451,0.62,0.38,0.08,0.03,0.11,1.15999997,0,0.11,1.33899999,3,3,3,0.8815,1.0481,1.1982,1.24297,-0.0994,-0.0891,-0.1031,-0.0532,-0.7371,-0.8257,-1.1716,-1.1413,0.067,0.0508,0.0832,0.039,3.2861,0.0854,4.6185,-0.2101,0.1353,-0.1957,0.10645,1934,0.15,0.01,3.429,6.009,6.262,172097,45149,68651,229.931442,16247328,34112912,209369,138230752,13836939
N_Afr,XNF,Rest of North Africa,455774.1875,0.000003,0.26,0.52,0.05,0.21,0.69,0.27,0.000942334,0.93,0.07,0.09,0.19,0.4,1.15999997,0,0.11,1.33899999,3,3,3,0.8815,1.0481,1.1982,1.24297,-0.0994,-0.0891,-0.1031,-0.0532,-0.7371,-0.8257,-1.1716,-1.1413,0.067,0.0508,0.0832,0.039,3.2861,0.0854,4.6185,-0.2101,0.1353,-0.1957,0.29828,1801,3.91,0.44993,4.199,4.602,12.389,108675,7113,8090,139.094025,14082316,63692088,83543,456872896,3808528
AUS_NZ,XOC,Rest of Oceania,1094684.125,0.033264,0.42,0.32,0.15,0.29,0.43,0.39,0.000966627,0.49,0.51,0.12,0.03,0.06,1.15999997,0,0.56,1.33899999,3,3,3,0.8815,1.0481,1.1982,1.24297,-0.0994,-0.0891,-0.1031,-0.0532,-0.7371,-0.8257,-1.1716,-1.1413,0.067,0.0508,0.0832,0.039,3.2861,0.0854,4.6185,-0.2101,0.1353,-0.1957,0.10645,1911,0.01,0.01,3.425,4.953,6.372,9707,3875,5368,155.52597,40321512,257942080,225594,404099296,134637152
S_Asia,XSA,Rest of South Asia,1310297.25,0.000652,0.61,0.48,0.21,0.15,0.18,0.37,1.36E-05,0.96,0.04,0.29,0.11,0.46,1.15999997,0,0.28,1.33899999,3,3,3,0.8815,1.0481,1.1982,1.24297,-0.0994,-0.0891,-0.1031,-0.0532,-0.7371,-0.8257,-1.1716,-1.1413,0.067,0.0508,0.0832,0.039,3.2861,0.0854,4.6185,-0.2101,0.1353,-0.1957,0.22712,1784,13.51,1.41004,4.607,10.873,14.631,677844,17499,55711,312.292389,22720872,114324248,929307,371232480,16758959
S_Afr,XSC,Rest of South African Customs Union,221774.2813,0.000685,0.21,0.41,0.21,0.26,0.58,0.33,1.48E-05,0.54,0.46,0.06,0.02,0.1,1.15999997,0,0.28,1.33899999,3,3,3,0.8815,1.0481,1.1982,1.24297,-0.0994,-0.0891,-0.1031,-0.0532,-0.7371,-0.8257,-1.1716,-1.1413,0.067,0.0508,0.0832,0.039,3.2861,0.0854,4.6185,-0.2101,0.1353,-0.1957,0.25826,1850,7.68,0.80066,5.833,4.978,6.136,18904,4553,8115,107.244705,5522569,39092792,44765,102016576,4291167
SE_Asia,XSE,Rest of Southeast Asia,1412753,0.001296,0.41,0.25,0.15,0.21,0.44,0.54,0.006110062,0.91,0.09,0.35,0.05,0.34,1.15999997,0,0.28,1.33899999,3,3,3,0.8815,1.0481,1.1982,1.24297,-0.0994,-0.0891,-0.1031,-0.0532,-0.7371,-0.8257,-1.1716,-1.1413,0.067,0.0508,0.0832,0.039,3.2861,0.0854,4.6185,-0.2101,0.1353,-0.1957,0.28552,1789,9.63,1.14245,4.326,6.065,10.008,297440,27252,31097,672.622864,2950540,22034388,8258,52656432,4048035
S_Amer,XSM,Rest of South America,1465264.25,0.004474,0.3,0.38,0.18,0.26,0.52,0.36,0.00020836,0.7,0.3,0.19,0.04,0.2,1.15999997,0,0.56,1.33899999,3,3,3,0.8815,1.0481,1.1982,1.24297,-0.0994,-0.0891,-0.1031,-0.0532,-0.7371,-0.8257,-1.1716,-1.1413,0.067,0.0508,0.0832,0.039,3.2861,0.0854,4.6185,-0.2101,0.1353,-0.1957,0.26601,1823,9.54,1.06157,3.845,5.197,7.075,82283,16928,23426,241.723068,4254835,25464924,18616,37996372,3975350
E_Euro,XSU,Rest of Former Soviet Union,1455203.75,0.000002,0.34,0.49,0.31,0.26,0.35,0.25,0.000368741,0.8,0.2,0.18,0.07,0.18,1.15999997,0,0.56,1.33899999,3,3,3,0.8815,1.0481,1.1982,1.24297,-0.0994,-0.0891,-0.1031,-0.0532,-0.7371,-0.8257,-1.1716,-1.1413,0.067,0.0508,0.0832,0.039,3.2861,0.0854,4.6185,-0.2101,0.1353,-0.1957,0.17725,1894,0.91,0.0586,3.515,5.377,5.921,129387,24978,39917,122.933975,3477411,18005616,36736,202187456,3863447
SSA,XWF,Rest of Western Africa,584719.375,0.000685,0.59,0.92,0.07,0.01,0.34,0.07,0.000263879,0.94,0.06,0.1,0.02,0.19,1.15999997,0,0.56,1.33899999,3,3,3,0.8815,1.0481,1.1982,1.24297,-0.0994,-0.0891,-0.1031,-0.0532,-0.7371,-0.8257,-1.1716,-1.1413,0.067,0.0508,0.0832,0.039,3.2861,0.0854,4.6185,-0.2101,0.1353,-0.1957,0.2764,1709,15.96,2.09783,4.34,5.159,7.576,368938,13278,45449,294.507904,3050183,8775243,138759,90694584,2021048
C_Asia,XWS,Rest of Western Asia,195335.2031,0.000838,0.26,0.84,0.59,0.12,0.15,0.04,0.000248272,0.9,0.1,0.17,0.08,0.16,1.15999997,0,0.56,1.33899999,3,3,3,0.8815,1.0481,1.1982,1.24297,-0.0994,-0.0891,-0.1031,-0.0532,-0.7371,-0.8257,-1.1716,-1.1413,0.067,0.0508,0.0832,0.039,3.2861,0.0854,4.6185,-0.2101,0.1353,-0.1957,0.21422,1761,14.07,1.37886,3.879,6.153,11.142,41424,3153,2607,36.017937,33459908,116193312,140419,276813440,14709881
S_Afr,ZAF,South Africa,221774.2813,0.000685,0.21,0.41,0.21,0.26,0.58,0.33,0.002293357,0.54,0.46,0.06,0.02,0.1,1.15999997,0,0.28,1.33899999,3,3,3,0.8815,1.0481,1.1982,1.24297,-0.0994,-0.0891,-0.1031,-0.0532,-0.7371,-0.8257,-1.1716,-1.1413,0.067,0.0508,0.0832,0.039,3.2861,0.0854,4.6185,-0.2101,0.1353,-0.1957,0.25826,1850,7.68,0.80066,5.833,4.978,6.136,18904,4553,8115,107.244705,5522569,39092792,44765,102016576,4291167
SSA,ZMB,Zambia,584719.375,0.000685,0.59,0.92,0.07,0.01,0.34,0.07,0.000161756,0.94,0.06,0.1,0.02,0.19,1.15999997,0,0.56,1.33899999,3,3,3,0.8815,1.0481,1.1982,1.24297,-0.0994,-0.0891,-0.1031,-0.0532,-0.7371,-0.8257,-1.1716,-1.1413,0.067,0.0508,0.0832,0.039,3.2861,0.0854,4.6185,-0.2101,0.1353,-0.1957,0.2764,1709,15.96,2.09783,4.34,5.159,7.576,368938,13278,45449,294.507904,3050183,8775243,138759,90694584,2021048
SSA,ZWE,Zimbabwe,584719.375,0.000685,0.59,0.92,0.07,0.01,0.34,0.07,7.68877E-05,0.94,0.06,0.1,0.02,0.19,1.15999997,0,0.56,1.33899999,3,3,3,0.8815,1.0481,1.1982,1.24297,-0.0994,-0.0891,-0.1031,-0.0532,-0.7371,-0.8257,-1.1716,-1.1413,0.067,0.0508,0.0832,0.039,3.2861,0.0854,4.6185,-0.2101,0.1353,-0.1957,0.2764,1709,15.96,2.09783,4.34,5.159,7.576,368938,13278,45449,294.507904,3050183,8775243,138759,90694584,2021048
